model,name,category,avg_ms
deit3_base_fp16,Reformatting CopyNode for Input Tensor 0 to node_conv2d,conv_embed,0.0387
deit3_base_fp16,node_conv2d,conv_embed,0.0805
deit3_base_fp16,dummy_shape_call__mye162886_0_myl2_0,other,0.0035
deit3_base_fp16,__myl_ResTraAddConCasMeaSubMulMeaAddSqrDivMulCasMulAdd_myl2_1,norm,0.0159
deit3_base_fp16,node_MatMul_12_myl2_2,linear,0.1075
deit3_base_fp16,__myl_TraSliSliSliResRes_myl2_3,attention,0.0089
deit3_base_fp16,_gemm_mha_v1_myl2_4,attention,0.0102
deit3_base_fp16,__myl_FcMulAdd_myl2_5,linear,0.0239
deit3_base_fp16,__myl_CasMeaSubMulMeaAddSqrDivMulCasMulAdd_myl2_6,norm,0.0087
deit3_base_fp16,__myl_FcMulCasErfCasAddMulMul_myl2_7,ffn,0.0728
deit3_base_fp16,__myl_FcMulAdd_myl2_8,linear,0.0651
deit3_base_fp16,__myl_CasMeaSubMulMeaAddSqrDivMulCasMulAdd_myl2_9,norm,0.0085
deit3_base_fp16,node_MatMul_71_myl2_10,linear,0.0516
deit3_base_fp16,__myl_TraSliSliSliResRes_myl2_11,attention,0.0084
deit3_base_fp16,_gemm_mha_v1_myl2_12,attention,0.0102
deit3_base_fp16,__myl_FcMulAdd_myl2_13,linear,0.0237
deit3_base_fp16,__myl_CasMeaSubMulMeaAddSqrDivMulCasMulAdd_myl2_14,norm,0.0078
deit3_base_fp16,__myl_FcMulCasErfCasAddMulMul_myl2_15,ffn,0.0723
deit3_base_fp16,__myl_FcMulAdd_myl2_16,linear,0.0651
deit3_base_fp16,__myl_CasMeaSubMulMeaAddSqrDivMulCasMulAdd_myl2_17,norm,0.0083
deit3_base_fp16,node_MatMul_127_myl2_18,linear,0.0516
deit3_base_fp16,__myl_TraSliSliSliResRes_myl2_19,attention,0.0084
deit3_base_fp16,_gemm_mha_v1_myl2_20,attention,0.0102
deit3_base_fp16,__myl_FcMulAdd_myl2_21,linear,0.0237
deit3_base_fp16,__myl_CasMeaSubMulMeaAddSqrDivMulCasMulAdd_myl2_22,norm,0.0079
deit3_base_fp16,__myl_FcMulCasErfCasAddMulMul_myl2_23,ffn,0.0722
deit3_base_fp16,__myl_FcMulAdd_myl2_24,linear,0.065
deit3_base_fp16,__myl_CasMeaSubMulMeaAddSqrDivMulCasMulAdd_myl2_25,norm,0.0084
deit3_base_fp16,node_MatMul_183_myl2_26,linear,0.0514
deit3_base_fp16,__myl_TraSliSliSliResRes_myl2_27,attention,0.0084
deit3_base_fp16,_gemm_mha_v1_myl2_28,attention,0.0102
deit3_base_fp16,__myl_FcMulAdd_myl2_29,linear,0.0237
deit3_base_fp16,__myl_CasMeaSubMulMeaAddSqrDivMulCasMulAdd_myl2_30,norm,0.0078
deit3_base_fp16,__myl_FcMulCasErfCasAddMulMul_myl2_31,ffn,0.0727
deit3_base_fp16,__myl_FcMulAdd_myl2_32,linear,0.0651
deit3_base_fp16,__myl_CasMeaSubMulMeaAddSqrDivMulCasMulAdd_myl2_33,norm,0.0083
deit3_base_fp16,node_MatMul_239_myl2_34,linear,0.0512
deit3_base_fp16,__myl_TraSliSliSliResRes_myl2_35,attention,0.0084
deit3_base_fp16,_gemm_mha_v1_myl2_36,attention,0.0101
deit3_base_fp16,__myl_FcMulAdd_myl2_37,linear,0.0237
deit3_base_fp16,__myl_CasMeaSubMulMeaAddSqrDivMulCasMulAdd_myl2_38,norm,0.0079
deit3_base_fp16,__myl_FcMulCasErfCasAddMulMul_myl2_39,ffn,0.073
deit3_base_fp16,__myl_FcMulAdd_myl2_40,linear,0.065
deit3_base_fp16,__myl_CasMeaSubMulMeaAddSqrDivMulCasMulAdd_myl2_41,norm,0.0083
deit3_base_fp16,node_MatMul_295_myl2_42,linear,0.0516
deit3_base_fp16,__myl_TraSliSliSliResRes_myl2_43,attention,0.0084
deit3_base_fp16,_gemm_mha_v1_myl2_44,attention,0.0101
deit3_base_fp16,__myl_FcMulAdd_myl2_45,linear,0.0236
deit3_base_fp16,__myl_CasMeaSubMulMeaAddSqrDivMulCasMulAdd_myl2_46,norm,0.0076
deit3_base_fp16,__myl_FcMulCasErfCasAddMulMul_myl2_47,ffn,0.0725
deit3_base_fp16,__myl_FcMulAdd_myl2_48,linear,0.0649
deit3_base_fp16,__myl_CasMeaSubMulMeaAddSqrDivMulCasMulAdd_myl2_49,norm,0.0083
deit3_base_fp16,node_MatMul_351_myl2_50,linear,0.0515
deit3_base_fp16,__myl_TraSliSliSliResRes_myl2_51,attention,0.0084
deit3_base_fp16,_gemm_mha_v1_myl2_52,attention,0.0101
deit3_base_fp16,__myl_FcMulAdd_myl2_53,linear,0.0236
deit3_base_fp16,__myl_CasMeaSubMulMeaAddSqrDivMulCasMulAdd_myl2_54,norm,0.0079
deit3_base_fp16,__myl_FcMulCasErfCasAddMulMul_myl2_55,ffn,0.0724
deit3_base_fp16,__myl_FcMulAdd_myl2_56,linear,0.065
deit3_base_fp16,__myl_CasMeaSubMulMeaAddSqrDivMulCasMulAdd_myl2_57,norm,0.0084
deit3_base_fp16,node_MatMul_407_myl2_58,linear,0.0515
deit3_base_fp16,__myl_TraSliSliSliResRes_myl2_59,attention,0.0084
deit3_base_fp16,_gemm_mha_v1_myl2_60,attention,0.0101
deit3_base_fp16,__myl_FcMulAdd_myl2_61,linear,0.0237
deit3_base_fp16,__myl_CasMeaSubMulMeaAddSqrDivMulCasMulAdd_myl2_62,norm,0.0077
deit3_base_fp16,__myl_FcMulCasErfCasAddMulMul_myl2_63,ffn,0.0732
deit3_base_fp16,__myl_FcMulAdd_myl2_64,linear,0.0648
deit3_base_fp16,__myl_CasMeaSubMulMeaAddSqrDivMulCasMulAdd_myl2_65,norm,0.0084
deit3_base_fp16,node_MatMul_463_myl2_66,linear,0.0514
deit3_base_fp16,__myl_TraSliSliSliResRes_myl2_67,attention,0.0085
deit3_base_fp16,_gemm_mha_v1_myl2_68,attention,0.0103
deit3_base_fp16,__myl_FcMulAdd_myl2_69,linear,0.0237
deit3_base_fp16,__myl_CasMeaSubMulMeaAddSqrDivMulCasMulAdd_myl2_70,norm,0.008
deit3_base_fp16,__myl_FcMulCasErfCasAddMulMul_myl2_71,ffn,0.0726
deit3_base_fp16,__myl_FcMulAdd_myl2_72,linear,0.0649
deit3_base_fp16,__myl_CasMeaSubMulMeaAddSqrDivMulCasMulAdd_myl2_73,norm,0.0084
deit3_base_fp16,node_MatMul_519_myl2_74,linear,0.0513
deit3_base_fp16,__myl_TraSliSliSliResRes_myl2_75,attention,0.0084
deit3_base_fp16,_gemm_mha_v1_myl2_76,attention,0.0102
deit3_base_fp16,__myl_FcMulAdd_myl2_77,linear,0.0236
deit3_base_fp16,__myl_CasMeaSubMulMeaAddSqrDivMulCasMulAdd_myl2_78,norm,0.0077
deit3_base_fp16,__myl_FcMulCasErfCasAddMulMul_myl2_79,ffn,0.0724
deit3_base_fp16,__myl_FcMulAdd_myl2_80,linear,0.0648
deit3_base_fp16,__myl_CasMeaSubMulMeaAddSqrDivMulCasMulAdd_myl2_81,norm,0.0084
deit3_base_fp16,node_MatMul_575_myl2_82,linear,0.0514
deit3_base_fp16,__myl_TraSliSliSliResRes_myl2_83,attention,0.0084
deit3_base_fp16,_gemm_mha_v1_myl2_84,attention,0.0102
deit3_base_fp16,__myl_FcMulAdd_myl2_85,linear,0.0236
deit3_base_fp16,__myl_CasMeaSubMulMeaAddSqrDivMulCasMulAdd_myl2_86,norm,0.0077
deit3_base_fp16,__myl_FcMulCasErfCasAddMulMul_myl2_87,ffn,0.0722
deit3_base_fp16,__myl_FcMulAdd_myl2_88,linear,0.0649
deit3_base_fp16,__myl_CasMeaSubMulMeaAddSqrDivMulCasMulAdd_myl2_89,norm,0.0084
deit3_base_fp16,node_MatMul_631_myl2_90,linear,0.0513
deit3_base_fp16,__myl_TraSliSliSliResRes_myl2_91,attention,0.0081
deit3_base_fp16,_gemm_mha_v1_myl2_92,attention,0.0097
deit3_base_fp16,__myl_FcMulAdd_myl2_93,linear,0.0233
deit3_base_fp16,__myl_CasMeaSubMulMeaAddSqrDivMulCasMulAdd_myl2_94,norm,0.0071
deit3_base_fp16,__myl_FcMulCasErfCasAddMulMul_myl2_95,ffn,0.0716
deit3_base_fp16,__myl_FcMulAddCasMeaSubMulMeaAddSqrDivMulCasMulAdd_myl2_96,linear,0.0696
deit3_base_fp16,__myl_SliResCas_myl2_97,other,0.0059
deit3_base_kd_petalface_fp16,Reformatting CopyNode for Input Tensor 0 to node_conv2d,conv_embed,0.0399
deit3_base_kd_petalface_fp16,node_conv2d,conv_embed,0.0811
deit3_base_kd_petalface_fp16,dummy_shape_call__mye162886_0_myl2_0,other,0.0036
deit3_base_kd_petalface_fp16,__myl_ResTraAddConCasMeaSubMulMeaAddSqrDivMulCasMulAdd_myl2_1,norm,0.0162
deit3_base_kd_petalface_fp16,node_MatMul_12_myl2_2,linear,0.1185
deit3_base_kd_petalface_fp16,__myl_TraSliSliSliResRes_myl2_3,attention,0.009
deit3_base_kd_petalface_fp16,_gemm_mha_v1_myl2_4,attention,0.0101
deit3_base_kd_petalface_fp16,__myl_FcMulAdd_myl2_5,linear,0.0241
deit3_base_kd_petalface_fp16,__myl_CasMeaSubMulMeaAddSqrDivMulCasMulAdd_myl2_6,norm,0.0086
deit3_base_kd_petalface_fp16,__myl_FcMulCasErfCasAddMulMul_myl2_7,ffn,0.0747
deit3_base_kd_petalface_fp16,__myl_FcMulAdd_myl2_8,linear,0.066
deit3_base_kd_petalface_fp16,__myl_CasMeaSubMulMeaAddSqrDivMulCasMulAdd_myl2_9,norm,0.0085
deit3_base_kd_petalface_fp16,node_MatMul_71_myl2_10,linear,0.052
deit3_base_kd_petalface_fp16,__myl_TraSliSliSliResRes_myl2_11,attention,0.0084
deit3_base_kd_petalface_fp16,_gemm_mha_v1_myl2_12,attention,0.0103
deit3_base_kd_petalface_fp16,__myl_FcMulAdd_myl2_13,linear,0.024
deit3_base_kd_petalface_fp16,__myl_CasMeaSubMulMeaAddSqrDivMulCasMulAdd_myl2_14,norm,0.0078
deit3_base_kd_petalface_fp16,__myl_FcMulCasErfCasAddMulMul_myl2_15,ffn,0.0731
deit3_base_kd_petalface_fp16,__myl_FcMulAdd_myl2_16,linear,0.0658
deit3_base_kd_petalface_fp16,__myl_CasMeaSubMulMeaAddSqrDivMulCasMulAdd_myl2_17,norm,0.0084
deit3_base_kd_petalface_fp16,node_MatMul_127_myl2_18,linear,0.052
deit3_base_kd_petalface_fp16,__myl_TraSliSliSliResRes_myl2_19,attention,0.0085
deit3_base_kd_petalface_fp16,_gemm_mha_v1_myl2_20,attention,0.0102
deit3_base_kd_petalface_fp16,__myl_FcMulAdd_myl2_21,linear,0.024
deit3_base_kd_petalface_fp16,__myl_CasMeaSubMulMeaAddSqrDivMulCasMulAdd_myl2_22,norm,0.0079
deit3_base_kd_petalface_fp16,__myl_FcMulCasErfCasAddMulMul_myl2_23,ffn,0.0733
deit3_base_kd_petalface_fp16,__myl_FcMulAdd_myl2_24,linear,0.0658
deit3_base_kd_petalface_fp16,__myl_CasMeaSubMulMeaAddSqrDivMulCasMulAdd_myl2_25,norm,0.0083
deit3_base_kd_petalface_fp16,node_MatMul_183_myl2_26,linear,0.0518
deit3_base_kd_petalface_fp16,__myl_TraSliSliSliResRes_myl2_27,attention,0.0084
deit3_base_kd_petalface_fp16,_gemm_mha_v1_myl2_28,attention,0.0102
deit3_base_kd_petalface_fp16,__myl_FcMulAdd_myl2_29,linear,0.024
deit3_base_kd_petalface_fp16,__myl_CasMeaSubMulMeaAddSqrDivMulCasMulAdd_myl2_30,norm,0.0078
deit3_base_kd_petalface_fp16,__myl_FcMulCasErfCasAddMulMul_myl2_31,ffn,0.074
deit3_base_kd_petalface_fp16,__myl_FcMulAdd_myl2_32,linear,0.0657
deit3_base_kd_petalface_fp16,__myl_CasMeaSubMulMeaAddSqrDivMulCasMulAdd_myl2_33,norm,0.0083
deit3_base_kd_petalface_fp16,node_MatMul_239_myl2_34,linear,0.0519
deit3_base_kd_petalface_fp16,__myl_TraSliSliSliResRes_myl2_35,attention,0.0085
deit3_base_kd_petalface_fp16,_gemm_mha_v1_myl2_36,attention,0.0102
deit3_base_kd_petalface_fp16,__myl_FcMulAdd_myl2_37,linear,0.0242
deit3_base_kd_petalface_fp16,__myl_CasMeaSubMulMeaAddSqrDivMulCasMulAdd_myl2_38,norm,0.008
deit3_base_kd_petalface_fp16,__myl_FcMulCasErfCasAddMulMul_myl2_39,ffn,0.0737
deit3_base_kd_petalface_fp16,__myl_FcMulAdd_myl2_40,linear,0.0657
deit3_base_kd_petalface_fp16,__myl_CasMeaSubMulMeaAddSqrDivMulCasMulAdd_myl2_41,norm,0.0084
deit3_base_kd_petalface_fp16,node_MatMul_295_myl2_42,linear,0.0521
deit3_base_kd_petalface_fp16,__myl_TraSliSliSliResRes_myl2_43,attention,0.0085
deit3_base_kd_petalface_fp16,_gemm_mha_v1_myl2_44,attention,0.0102
deit3_base_kd_petalface_fp16,__myl_FcMulAdd_myl2_45,linear,0.0239
deit3_base_kd_petalface_fp16,__myl_CasMeaSubMulMeaAddSqrDivMulCasMulAdd_myl2_46,norm,0.0077
deit3_base_kd_petalface_fp16,__myl_FcMulCasErfCasAddMulMul_myl2_47,ffn,0.0732
deit3_base_kd_petalface_fp16,__myl_FcMulAdd_myl2_48,linear,0.0657
deit3_base_kd_petalface_fp16,__myl_CasMeaSubMulMeaAddSqrDivMulCasMulAdd_myl2_49,norm,0.0083
deit3_base_kd_petalface_fp16,node_MatMul_351_myl2_50,linear,0.052
deit3_base_kd_petalface_fp16,__myl_TraSliSliSliResRes_myl2_51,attention,0.0085
deit3_base_kd_petalface_fp16,_gemm_mha_v1_myl2_52,attention,0.0102
deit3_base_kd_petalface_fp16,__myl_FcMulAdd_myl2_53,linear,0.024
deit3_base_kd_petalface_fp16,__myl_CasMeaSubMulMeaAddSqrDivMulCasMulAdd_myl2_54,norm,0.0078
deit3_base_kd_petalface_fp16,__myl_FcMulCasErfCasAddMulMul_myl2_55,ffn,0.0735
deit3_base_kd_petalface_fp16,__myl_FcMulAdd_myl2_56,linear,0.0657
deit3_base_kd_petalface_fp16,__myl_CasMeaSubMulMeaAddSqrDivMulCasMulAdd_myl2_57,norm,0.0084
deit3_base_kd_petalface_fp16,node_MatMul_407_myl2_58,linear,0.0519
deit3_base_kd_petalface_fp16,__myl_TraSliSliSliResRes_myl2_59,attention,0.0085
deit3_base_kd_petalface_fp16,_gemm_mha_v1_myl2_60,attention,0.0102
deit3_base_kd_petalface_fp16,__myl_FcMulAdd_myl2_61,linear,0.0239
deit3_base_kd_petalface_fp16,__myl_CasMeaSubMulMeaAddSqrDivMulCasMulAdd_myl2_62,norm,0.0078
deit3_base_kd_petalface_fp16,__myl_FcMulCasErfCasAddMulMul_myl2_63,ffn,0.0742
deit3_base_kd_petalface_fp16,__myl_FcMulAdd_myl2_64,linear,0.0656
deit3_base_kd_petalface_fp16,__myl_CasMeaSubMulMeaAddSqrDivMulCasMulAdd_myl2_65,norm,0.0084
deit3_base_kd_petalface_fp16,node_MatMul_463_myl2_66,linear,0.0518
deit3_base_kd_petalface_fp16,__myl_TraSliSliSliResRes_myl2_67,attention,0.0085
deit3_base_kd_petalface_fp16,_gemm_mha_v1_myl2_68,attention,0.0102
deit3_base_kd_petalface_fp16,__myl_FcMulAdd_myl2_69,linear,0.0241
deit3_base_kd_petalface_fp16,__myl_CasMeaSubMulMeaAddSqrDivMulCasMulAdd_myl2_70,norm,0.008
deit3_base_kd_petalface_fp16,__myl_FcMulCasErfCasAddMulMul_myl2_71,ffn,0.0738
deit3_base_kd_petalface_fp16,__myl_FcMulAdd_myl2_72,linear,0.0657
deit3_base_kd_petalface_fp16,__myl_CasMeaSubMulMeaAddSqrDivMulCasMulAdd_myl2_73,norm,0.0084
deit3_base_kd_petalface_fp16,node_MatMul_519_myl2_74,linear,0.0519
deit3_base_kd_petalface_fp16,__myl_TraSliSliSliResRes_myl2_75,attention,0.0085
deit3_base_kd_petalface_fp16,_gemm_mha_v1_myl2_76,attention,0.0102
deit3_base_kd_petalface_fp16,__myl_FcMulAdd_myl2_77,linear,0.024
deit3_base_kd_petalface_fp16,__myl_CasMeaSubMulMeaAddSqrDivMulCasMulAdd_myl2_78,norm,0.0078
deit3_base_kd_petalface_fp16,__myl_FcMulCasErfCasAddMulMul_myl2_79,ffn,0.0731
deit3_base_kd_petalface_fp16,__myl_FcMulAdd_myl2_80,linear,0.0656
deit3_base_kd_petalface_fp16,__myl_CasMeaSubMulMeaAddSqrDivMulCasMulAdd_myl2_81,norm,0.0084
deit3_base_kd_petalface_fp16,node_MatMul_575_myl2_82,linear,0.0519
deit3_base_kd_petalface_fp16,__myl_TraSliSliSliResRes_myl2_83,attention,0.0085
deit3_base_kd_petalface_fp16,_gemm_mha_v1_myl2_84,attention,0.0102
deit3_base_kd_petalface_fp16,__myl_FcMulAdd_myl2_85,linear,0.0239
deit3_base_kd_petalface_fp16,__myl_CasMeaSubMulMeaAddSqrDivMulCasMulAdd_myl2_86,norm,0.0078
deit3_base_kd_petalface_fp16,__myl_FcMulCasErfCasAddMulMul_myl2_87,ffn,0.0727
deit3_base_kd_petalface_fp16,__myl_FcMulAdd_myl2_88,linear,0.0656
deit3_base_kd_petalface_fp16,__myl_CasMeaSubMulMeaAddSqrDivMulCasMulAdd_myl2_89,norm,0.0084
deit3_base_kd_petalface_fp16,node_MatMul_631_myl2_90,linear,0.0517
deit3_base_kd_petalface_fp16,__myl_TraSliSliSliResRes_myl2_91,attention,0.0082
deit3_base_kd_petalface_fp16,_gemm_mha_v1_myl2_92,attention,0.0097
deit3_base_kd_petalface_fp16,__myl_FcMulAdd_myl2_93,linear,0.0237
deit3_base_kd_petalface_fp16,__myl_CasMeaSubMulMeaAddSqrDivMulCasMulAdd_myl2_94,norm,0.0072
deit3_base_kd_petalface_fp16,__myl_FcMulCasErfCasAddMulMul_myl2_95,ffn,0.0725
deit3_base_kd_petalface_fp16,__myl_FcMulAddCasMeaSubMulMeaAddSqrDivMulCasMulAdd_myl2_96,linear,0.0701
deit3_base_kd_petalface_fp16,__myl_SliResCas_myl2_97,other,0.006
deit3_base_pruned_heads10_fp16,Reformatting CopyNode for Input Tensor 0 to node_conv2d,conv_embed,0.0376
deit3_base_pruned_heads10_fp16,node_conv2d,conv_embed,0.0803
deit3_base_pruned_heads10_fp16,Reformatting CopyNode for Input Tensor 0 to {ForeignNode[blocks.0.norm1.weight + ONNXTRT_Broadcast...node_select]},reformat,0.0096
deit3_base_pruned_heads10_fp16,dummy_shape_call__mye163398_0_myl3_0,other,0.0039
deit3_base_pruned_heads10_fp16,__myl_TraAddConCasMeaSubMulMeaAddSqrDivMulCasMulAdd_myl3_1,norm,0.0204
deit3_base_pruned_heads10_fp16,node_MatMul_12_myl3_2,linear,0.0381
deit3_base_pruned_heads10_fp16,__myl_TraSliSliSliResRes_myl3_3,attention,0.0074
deit3_base_pruned_heads10_fp16,_gemm_mha_v1_myl3_4,attention,0.0092
deit3_base_pruned_heads10_fp16,node_MatMul_58_myl3_5,linear,0.0662
deit3_base_pruned_heads10_fp16,__myl_MulAddCasMeaSubMulMeaAddSqrDivMulCasMulAdd_myl3_6,norm,0.0098
deit3_base_pruned_heads10_fp16,node_MatMul_60_myl3_7,linear,0.0647
deit3_base_pruned_heads10_fp16,__myl_MulCasErfCasAddMulMul_myl3_8,ffn,0.0108
deit3_base_pruned_heads10_fp16,node_MatMul_69_myl3_9,linear,0.0684
deit3_base_pruned_heads10_fp16,__myl_MulAddCasMeaSubMulMeaAddSqrDivMulCasMulAdd_myl3_10,norm,0.0091
deit3_base_pruned_heads10_fp16,node_MatMul_71_myl3_11,linear,0.034
deit3_base_pruned_heads10_fp16,__myl_TraSliSliSliResRes_myl3_12,attention,0.0075
deit3_base_pruned_heads10_fp16,_gemm_mha_v1_myl3_13,attention,0.0095
deit3_base_pruned_heads10_fp16,node_MatMul_114_myl3_14,linear,0.0171
deit3_base_pruned_heads10_fp16,__myl_MulAddCasMeaSubMulMeaAddSqrDivMulCasMulAdd_myl3_15,norm,0.0087
deit3_base_pruned_heads10_fp16,node_MatMul_116_myl3_16,linear,0.0651
deit3_base_pruned_heads10_fp16,__myl_MulCasErfCasAddMulMul_myl3_17,ffn,0.0107
deit3_base_pruned_heads10_fp16,node_MatMul_125_myl3_18,linear,0.0674
deit3_base_pruned_heads10_fp16,__myl_MulAddCasMeaSubMulMeaAddSqrDivMulCasMulAdd_myl3_19,norm,0.0091
deit3_base_pruned_heads10_fp16,node_MatMul_127_myl3_20,linear,0.042
deit3_base_pruned_heads10_fp16,__myl_TraSliSliSliResRes_myl3_21,attention,0.0089
deit3_base_pruned_heads10_fp16,_gemm_mha_v1_myl3_22,attention,0.0108
deit3_base_pruned_heads10_fp16,node_MatMul_170_myl3_23,linear,0.0209
deit3_base_pruned_heads10_fp16,__myl_MulAddCasMeaSubMulMeaAddSqrDivMulCasMulAdd_myl3_24,norm,0.0086
deit3_base_pruned_heads10_fp16,__myl_FcMulCasErfCasAddMulMul_myl3_25,ffn,0.0722
deit3_base_pruned_heads10_fp16,__myl_FcMulAdd_myl3_26,linear,0.0655
deit3_base_pruned_heads10_fp16,__myl_CasMeaSubMulMeaAddSqrDivMulCasMulAdd_myl3_27,norm,0.0095
deit3_base_pruned_heads10_fp16,node_MatMul_183_myl3_28,linear,0.0521
deit3_base_pruned_heads10_fp16,__myl_TraSliSliSliResRes_myl3_29,attention,0.0086
deit3_base_pruned_heads10_fp16,_gemm_mha_v1_myl3_30,attention,0.0107
deit3_base_pruned_heads10_fp16,__myl_FcMulAdd_myl3_31,linear,0.0238
deit3_base_pruned_heads10_fp16,__myl_CasMeaSubMulMeaAddSqrDivMulCasMulAdd_myl3_32,norm,0.0078
deit3_base_pruned_heads10_fp16,__myl_FcMulCasErfCasAddMulMul_myl3_33,ffn,0.0728
deit3_base_pruned_heads10_fp16,__myl_FcMulAdd_myl3_34,linear,0.0652
deit3_base_pruned_heads10_fp16,__myl_CasMeaSubMulMeaAddSqrDivMulCasMulAdd_myl3_35,norm,0.0084
deit3_base_pruned_heads10_fp16,node_MatMul_239_myl3_36,linear,0.0517
deit3_base_pruned_heads10_fp16,__myl_TraSliSliSliResRes_myl3_37,attention,0.0084
deit3_base_pruned_heads10_fp16,_gemm_mha_v1_myl3_38,attention,0.0101
deit3_base_pruned_heads10_fp16,__myl_FcMulAdd_myl3_39,linear,0.0239
deit3_base_pruned_heads10_fp16,__myl_CasMeaSubMulMeaAddSqrDivMulCasMulAdd_myl3_40,norm,0.0078
deit3_base_pruned_heads10_fp16,__myl_FcMulCasErfCasAddMulMul_myl3_41,ffn,0.0738
deit3_base_pruned_heads10_fp16,__myl_FcMulAdd_myl3_42,linear,0.0653
deit3_base_pruned_heads10_fp16,__myl_CasMeaSubMulMeaAddSqrDivMulCasMulAdd_myl3_43,norm,0.0083
deit3_base_pruned_heads10_fp16,node_MatMul_295_myl3_44,linear,0.0517
deit3_base_pruned_heads10_fp16,__myl_TraSliSliSliResRes_myl3_45,attention,0.0084
deit3_base_pruned_heads10_fp16,_gemm_mha_v1_myl3_46,attention,0.0101
deit3_base_pruned_heads10_fp16,__myl_FcMulAdd_myl3_47,linear,0.0238
deit3_base_pruned_heads10_fp16,__myl_CasMeaSubMulMeaAddSqrDivMulCasMulAdd_myl3_48,norm,0.0076
deit3_base_pruned_heads10_fp16,__myl_FcMulCasErfCasAddMulMul_myl3_49,ffn,0.0728
deit3_base_pruned_heads10_fp16,__myl_FcMulAdd_myl3_50,linear,0.0654
deit3_base_pruned_heads10_fp16,__myl_CasMeaSubMulMeaAddSqrDivMulCasMulAdd_myl3_51,norm,0.0084
deit3_base_pruned_heads10_fp16,node_MatMul_351_myl3_52,linear,0.0517
deit3_base_pruned_heads10_fp16,__myl_TraSliSliSliResRes_myl3_53,attention,0.0084
deit3_base_pruned_heads10_fp16,_gemm_mha_v1_myl3_54,attention,0.0101
deit3_base_pruned_heads10_fp16,__myl_FcMulAdd_myl3_55,linear,0.0239
deit3_base_pruned_heads10_fp16,__myl_CasMeaSubMulMeaAddSqrDivMulCasMulAdd_myl3_56,norm,0.0078
deit3_base_pruned_heads10_fp16,__myl_FcMulCasErfCasAddMulMul_myl3_57,ffn,0.0725
deit3_base_pruned_heads10_fp16,__myl_FcMulAdd_myl3_58,linear,0.0652
deit3_base_pruned_heads10_fp16,__myl_CasMeaSubMulMeaAddSqrDivMulCasMulAdd_myl3_59,norm,0.0083
deit3_base_pruned_heads10_fp16,node_MatMul_407_myl3_60,linear,0.0515
deit3_base_pruned_heads10_fp16,__myl_TraSliSliSliResRes_myl3_61,attention,0.0084
deit3_base_pruned_heads10_fp16,_gemm_mha_v1_myl3_62,attention,0.01
deit3_base_pruned_heads10_fp16,__myl_FcMulAdd_myl3_63,linear,0.0239
deit3_base_pruned_heads10_fp16,__myl_CasMeaSubMulMeaAddSqrDivMulCasMulAdd_myl3_64,norm,0.0077
deit3_base_pruned_heads10_fp16,__myl_FcMulCasErfCasAddMulMul_myl3_65,ffn,0.0737
deit3_base_pruned_heads10_fp16,__myl_FcMulAdd_myl3_66,linear,0.0652
deit3_base_pruned_heads10_fp16,__myl_CasMeaSubMulMeaAddSqrDivMulCasMulAdd_myl3_67,norm,0.0083
deit3_base_pruned_heads10_fp16,node_MatMul_463_myl3_68,linear,0.0514
deit3_base_pruned_heads10_fp16,__myl_TraSliSliSliResRes_myl3_69,attention,0.0084
deit3_base_pruned_heads10_fp16,_gemm_mha_v1_myl3_70,attention,0.01
deit3_base_pruned_heads10_fp16,__myl_FcMulAdd_myl3_71,linear,0.0239
deit3_base_pruned_heads10_fp16,__myl_CasMeaSubMulMeaAddSqrDivMulCasMulAdd_myl3_72,norm,0.0078
deit3_base_pruned_heads10_fp16,__myl_FcMulCasErfCasAddMulMul_myl3_73,ffn,0.073
deit3_base_pruned_heads10_fp16,__myl_FcMulAdd_myl3_74,linear,0.0653
deit3_base_pruned_heads10_fp16,__myl_CasMeaSubMulMeaAddSqrDivMulCasMulAdd_myl3_75,norm,0.0083
deit3_base_pruned_heads10_fp16,node_MatMul_519_myl3_76,linear,0.0513
deit3_base_pruned_heads10_fp16,__myl_TraSliSliSliResRes_myl3_77,attention,0.0084
deit3_base_pruned_heads10_fp16,_gemm_mha_v1_myl3_78,attention,0.01
deit3_base_pruned_heads10_fp16,__myl_FcMulAdd_myl3_79,linear,0.0238
deit3_base_pruned_heads10_fp16,__myl_CasMeaSubMulMeaAddSqrDivMulCasMulAdd_myl3_80,norm,0.0077
deit3_base_pruned_heads10_fp16,__myl_FcMulCasErfCasAddMulMul_myl3_81,ffn,0.0723
deit3_base_pruned_heads10_fp16,__myl_FcMulAdd_myl3_82,linear,0.0651
deit3_base_pruned_heads10_fp16,__myl_CasMeaSubMulMeaAddSqrDivMulCasMulAdd_myl3_83,norm,0.0083
deit3_base_pruned_heads10_fp16,node_MatMul_575_myl3_84,linear,0.0516
deit3_base_pruned_heads10_fp16,__myl_TraSliSliSliResRes_myl3_85,attention,0.0084
deit3_base_pruned_heads10_fp16,_gemm_mha_v1_myl3_86,attention,0.01
deit3_base_pruned_heads10_fp16,__myl_FcMulAdd_myl3_87,linear,0.0239
deit3_base_pruned_heads10_fp16,__myl_CasMeaSubMulMeaAddSqrDivMulCasMulAdd_myl3_88,norm,0.0078
deit3_base_pruned_heads10_fp16,__myl_FcMulCasErfCasAddMulMul_myl3_89,ffn,0.072
deit3_base_pruned_heads10_fp16,__myl_FcMulAdd_myl3_90,linear,0.0653
deit3_base_pruned_heads10_fp16,__myl_CasMeaSubMulMeaAddSqrDivMulCasMulAdd_myl3_91,norm,0.0083
deit3_base_pruned_heads10_fp16,node_MatMul_631_myl3_92,linear,0.0516
deit3_base_pruned_heads10_fp16,__myl_TraSliSliSliResRes_myl3_93,attention,0.0083
deit3_base_pruned_heads10_fp16,_gemm_mha_v1_myl3_94,attention,0.0095
deit3_base_pruned_heads10_fp16,__myl_FcMulAdd_myl3_95,linear,0.0236
deit3_base_pruned_heads10_fp16,__myl_CasMeaSubMulMeaAddSqrDivMulCasMulAdd_myl3_96,norm,0.0072
deit3_base_pruned_heads10_fp16,__myl_FcMulCasErfCasAddMulMul_myl3_97,ffn,0.072
deit3_base_pruned_heads10_fp16,__myl_FcMulAddCasMeaSubMulMeaAddSqrDivMulCasMulAdd_myl3_98,linear,0.0697
deit3_base_pruned_heads10_fp16,__myl_Sli_myl3_99,other,0.006
deit3_base_pruned_heads10_fp16,Reformatting CopyNode for Output Tensor 0 to {ForeignNode[blocks.0.norm1.weight + ONNXTRT_Broadcast...node_select]},reformat,0.0072
deit3_medium_fp16,Reformatting CopyNode for Input Tensor 0 to node_conv2d,conv_embed,0.0363
deit3_medium_fp16,node_conv2d,conv_embed,0.0799
deit3_medium_fp16,dummy_shape_call__mye163259_0_myl2_0,other,0.0036
deit3_medium_fp16,__myl_ResTraAddConCasMeaSubMulMeaAddSqrDivMulCasMulAdd_myl2_1,norm,0.0163
deit3_medium_fp16,node_MatMul_12_myl2_2,linear,0.0613
deit3_medium_fp16,__myl_TraSliSliSliResRes_myl2_3,attention,0.0073
deit3_medium_fp16,_gemm_mha_v1_myl2_4,attention,0.0097
deit3_medium_fp16,node_MatMul_58_myl2_5,linear,0.0169
deit3_medium_fp16,__myl_MulAddCasMeaSubMulMeaAddSqrDivMulCasMulAdd_myl2_6,norm,0.0102
deit3_medium_fp16,node_MatMul_60_myl2_7,linear,0.0355
deit3_medium_fp16,__myl_MulCasErfCasAddMulMul_myl2_8,ffn,0.0099
deit3_medium_fp16,node_MatMul_69_myl2_9,linear,0.0366
deit3_medium_fp16,__myl_MulAddCasMeaSubMulMeaAddSqrDivMulCasMulAdd_myl2_10,norm,0.0107
deit3_medium_fp16,node_MatMul_71_myl2_11,linear,0.0294
deit3_medium_fp16,__myl_TraSliSliSliResRes_myl2_12,attention,0.0072
deit3_medium_fp16,_gemm_mha_v1_myl2_13,attention,0.0089
deit3_medium_fp16,node_MatMul_114_myl2_14,linear,0.0167
deit3_medium_fp16,__myl_MulAddCasMeaSubMulMeaAddSqrDivMulCasMulAdd_myl2_15,norm,0.01
deit3_medium_fp16,node_MatMul_116_myl2_16,linear,0.0351
deit3_medium_fp16,__myl_MulCasErfCasAddMulMul_myl2_17,ffn,0.0099
deit3_medium_fp16,node_MatMul_125_myl2_18,linear,0.036
deit3_medium_fp16,__myl_MulAddCasMeaSubMulMeaAddSqrDivMulCasMulAdd_myl2_19,norm,0.0101
deit3_medium_fp16,node_MatMul_127_myl2_20,linear,0.0296
deit3_medium_fp16,__myl_TraSliSliSliResRes_myl2_21,attention,0.0072
deit3_medium_fp16,_gemm_mha_v1_myl2_22,attention,0.009
deit3_medium_fp16,node_MatMul_170_myl2_23,linear,0.0168
deit3_medium_fp16,__myl_MulAddCasMeaSubMulMeaAddSqrDivMulCasMulAdd_myl2_24,norm,0.01
deit3_medium_fp16,node_MatMul_172_myl2_25,linear,0.0351
deit3_medium_fp16,__myl_MulCasErfCasAddMulMul_myl2_26,ffn,0.0103
deit3_medium_fp16,node_MatMul_181_myl2_27,linear,0.0364
deit3_medium_fp16,__myl_MulAddCasMeaSubMulMeaAddSqrDivMulCasMulAdd_myl2_28,norm,0.0106
deit3_medium_fp16,node_MatMul_183_myl2_29,linear,0.0296
deit3_medium_fp16,__myl_TraSliSliSliResRes_myl2_30,attention,0.0072
deit3_medium_fp16,_gemm_mha_v1_myl2_31,attention,0.0091
deit3_medium_fp16,node_MatMul_226_myl2_32,linear,0.017
deit3_medium_fp16,__myl_MulAddCasMeaSubMulMeaAddSqrDivMulCasMulAdd_myl2_33,norm,0.01
deit3_medium_fp16,node_MatMul_228_myl2_34,linear,0.0351
deit3_medium_fp16,__myl_MulCasErfCasAddMulMul_myl2_35,ffn,0.0103
deit3_medium_fp16,node_MatMul_237_myl2_36,linear,0.0364
deit3_medium_fp16,__myl_MulAddCasMeaSubMulMeaAddSqrDivMulCasMulAdd_myl2_37,norm,0.0106
deit3_medium_fp16,node_MatMul_239_myl2_38,linear,0.0296
deit3_medium_fp16,__myl_TraSliSliSliResRes_myl2_39,attention,0.0072
deit3_medium_fp16,_gemm_mha_v1_myl2_40,attention,0.0091
deit3_medium_fp16,node_MatMul_282_myl2_41,linear,0.0168
deit3_medium_fp16,__myl_MulAddCasMeaSubMulMeaAddSqrDivMulCasMulAdd_myl2_42,norm,0.01
deit3_medium_fp16,node_MatMul_284_myl2_43,linear,0.035
deit3_medium_fp16,__myl_MulCasErfCasAddMulMul_myl2_44,ffn,0.0103
deit3_medium_fp16,node_MatMul_293_myl2_45,linear,0.036
deit3_medium_fp16,__myl_MulAddCasMeaSubMulMeaAddSqrDivMulCasMulAdd_myl2_46,norm,0.0107
deit3_medium_fp16,node_MatMul_295_myl2_47,linear,0.0291
deit3_medium_fp16,__myl_TraSliSliSliResRes_myl2_48,attention,0.0072
deit3_medium_fp16,_gemm_mha_v1_myl2_49,attention,0.0091
deit3_medium_fp16,node_MatMul_338_myl2_50,linear,0.0168
deit3_medium_fp16,__myl_MulAddCasMeaSubMulMeaAddSqrDivMulCasMulAdd_myl2_51,norm,0.0101
deit3_medium_fp16,node_MatMul_340_myl2_52,linear,0.035
deit3_medium_fp16,__myl_MulCasErfCasAddMulMul_myl2_53,ffn,0.0103
deit3_medium_fp16,node_MatMul_349_myl2_54,linear,0.0364
deit3_medium_fp16,__myl_MulAddCasMeaSubMulMeaAddSqrDivMulCasMulAdd_myl2_55,norm,0.01
deit3_medium_fp16,node_MatMul_351_myl2_56,linear,0.0297
deit3_medium_fp16,__myl_TraSliSliSliResRes_myl2_57,attention,0.0072
deit3_medium_fp16,_gemm_mha_v1_myl2_58,attention,0.0091
deit3_medium_fp16,node_MatMul_394_myl2_59,linear,0.0168
deit3_medium_fp16,__myl_MulAddCasMeaSubMulMeaAddSqrDivMulCasMulAdd_myl2_60,norm,0.01
deit3_medium_fp16,node_MatMul_396_myl2_61,linear,0.035
deit3_medium_fp16,__myl_MulCasErfCasAddMulMul_myl2_62,ffn,0.0103
deit3_medium_fp16,node_MatMul_405_myl2_63,linear,0.0364
deit3_medium_fp16,__myl_MulAddCasMeaSubMulMeaAddSqrDivMulCasMulAdd_myl2_64,norm,0.0106
deit3_medium_fp16,node_MatMul_407_myl2_65,linear,0.0294
deit3_medium_fp16,__myl_TraSliSliSliResRes_myl2_66,attention,0.0072
deit3_medium_fp16,_gemm_mha_v1_myl2_67,attention,0.009
deit3_medium_fp16,node_MatMul_450_myl2_68,linear,0.0167
deit3_medium_fp16,__myl_MulAddCasMeaSubMulMeaAddSqrDivMulCasMulAdd_myl2_69,norm,0.01
deit3_medium_fp16,node_MatMul_452_myl2_70,linear,0.0349
deit3_medium_fp16,__myl_MulCasErfCasAddMulMul_myl2_71,ffn,0.0103
deit3_medium_fp16,node_MatMul_461_myl2_72,linear,0.0364
deit3_medium_fp16,__myl_MulAddCasMeaSubMulMeaAddSqrDivMulCasMulAdd_myl2_73,norm,0.0106
deit3_medium_fp16,node_MatMul_463_myl2_74,linear,0.0292
deit3_medium_fp16,__myl_TraSliSliSliResRes_myl2_75,attention,0.0072
deit3_medium_fp16,_gemm_mha_v1_myl2_76,attention,0.009
deit3_medium_fp16,node_MatMul_506_myl2_77,linear,0.0167
deit3_medium_fp16,__myl_MulAddCasMeaSubMulMeaAddSqrDivMulCasMulAdd_myl2_78,norm,0.0102
deit3_medium_fp16,node_MatMul_508_myl2_79,linear,0.0349
deit3_medium_fp16,__myl_MulCasErfCasAddMulMul_myl2_80,ffn,0.0102
deit3_medium_fp16,node_MatMul_517_myl2_81,linear,0.036
deit3_medium_fp16,__myl_MulAddCasMeaSubMulMeaAddSqrDivMulCasMulAdd_myl2_82,norm,0.0105
deit3_medium_fp16,node_MatMul_519_myl2_83,linear,0.0294
deit3_medium_fp16,__myl_TraSliSliSliResRes_myl2_84,attention,0.0072
deit3_medium_fp16,_gemm_mha_v1_myl2_85,attention,0.0091
deit3_medium_fp16,node_MatMul_562_myl2_86,linear,0.0167
deit3_medium_fp16,__myl_MulAddCasMeaSubMulMeaAddSqrDivMulCasMulAdd_myl2_87,norm,0.01
deit3_medium_fp16,node_MatMul_564_myl2_88,linear,0.0349
deit3_medium_fp16,__myl_MulCasErfCasAddMulMul_myl2_89,ffn,0.0097
deit3_medium_fp16,node_MatMul_573_myl2_90,linear,0.0367
deit3_medium_fp16,__myl_MulAddCasMeaSubMulMeaAddSqrDivMulCasMulAdd_myl2_91,norm,0.0101
deit3_medium_fp16,node_MatMul_575_myl2_92,linear,0.0294
deit3_medium_fp16,__myl_TraSliSliSliResRes_myl2_93,attention,0.0072
deit3_medium_fp16,_gemm_mha_v1_myl2_94,attention,0.0095
deit3_medium_fp16,node_MatMul_618_myl2_95,linear,0.0167
deit3_medium_fp16,__myl_MulAddCasMeaSubMulMeaAddSqrDivMulCasMulAdd_myl2_96,norm,0.01
deit3_medium_fp16,node_MatMul_620_myl2_97,linear,0.0353
deit3_medium_fp16,__myl_MulCasErfCasAddMulMul_myl2_98,ffn,0.0102
deit3_medium_fp16,node_MatMul_629_myl2_99,linear,0.0362
deit3_medium_fp16,__myl_MulAddCasMeaSubMulMeaAddSqrDivMulCasMulAdd_myl2_100,norm,0.0104
deit3_medium_fp16,node_MatMul_631_myl2_101,linear,0.0288
deit3_medium_fp16,__myl_TraSliSliSliResRes_myl2_102,attention,0.0069
deit3_medium_fp16,_gemm_mha_v1_myl2_103,attention,0.0087
deit3_medium_fp16,node_MatMul_674_myl2_104,linear,0.0163
deit3_medium_fp16,__myl_MulAddCasMeaSubMulMeaAddSqrDivMulCasMulAdd_myl2_105,norm,0.0097
deit3_medium_fp16,node_MatMul_676_myl2_106,linear,0.0345
deit3_medium_fp16,__myl_MulCasErfCasAddMulMul_myl2_107,ffn,0.0099
deit3_medium_fp16,node_MatMul_685_myl2_108,linear,0.0355
deit3_medium_fp16,__myl_MulAddCasMeaSubMulMea_myl2_109,norm,0.009
deit3_medium_fp16,__myl_AddSqrDivMulCasMulAddSliResCas_myl2_110,other,0.0066
deit3_small_fp16,Reformatting CopyNode for Input Tensor 0 to node_conv2d,conv_embed,0.0369
deit3_small_fp16,node_conv2d,conv_embed,0.055
deit3_small_fp16,dummy_shape_call__mye162835_0_myl2_0,other,0.0039
deit3_small_fp16,__myl_ResTraAddConCasMeaSubMulMeaAddSqrDivMulCasMulAdd_myl2_1,norm,0.0176
deit3_small_fp16,node_MatMul_12_myl2_2,linear,0.0298
deit3_small_fp16,__myl_TraSliSliSliResRes_myl2_3,attention,0.0077
deit3_small_fp16,_gemm_mha_v1_myl2_4,attention,0.0095
deit3_small_fp16,__myl_FcMulAdd_myl2_5,linear,0.0157
deit3_small_fp16,__myl_CasMeaSubMulMeaAddSqrDivMulCasMulAdd_myl2_6,norm,0.0094
deit3_small_fp16,__myl_FcMulCasErfCasAddMulMul_myl2_7,ffn,0.0314
deit3_small_fp16,__myl_FcMulAdd_myl2_8,linear,0.0251
deit3_small_fp16,__myl_CasMeaSubMulMeaAddSqrDivMulCasMulAdd_myl2_9,norm,0.0095
deit3_small_fp16,node_MatMul_71_myl2_10,linear,0.0227
deit3_small_fp16,__myl_TraSliSliSliResRes_myl2_11,attention,0.0074
deit3_small_fp16,_gemm_mha_v1_myl2_12,attention,0.009
deit3_small_fp16,__myl_FcMulAdd_myl2_13,linear,0.0137
deit3_small_fp16,__myl_CasMeaSubMulMeaAddSqrDivMulCasMulAdd_myl2_14,norm,0.0087
deit3_small_fp16,__myl_FcMulCasErfCasAddMulMul_myl2_15,ffn,0.0302
deit3_small_fp16,__myl_FcMulAdd_myl2_16,linear,0.0249
deit3_small_fp16,__myl_CasMeaSubMulMeaAddSqrDivMulCasMulAdd_myl2_17,norm,0.0093
deit3_small_fp16,node_MatMul_127_myl2_18,linear,0.0226
deit3_small_fp16,__myl_TraSliSliSliResRes_myl2_19,attention,0.0074
deit3_small_fp16,_gemm_mha_v1_myl2_20,attention,0.0091
deit3_small_fp16,__myl_FcMulAdd_myl2_21,linear,0.0138
deit3_small_fp16,__myl_CasMeaSubMulMeaAddSqrDivMulCasMulAdd_myl2_22,norm,0.0088
deit3_small_fp16,__myl_FcMulCasErfCasAddMulMul_myl2_23,ffn,0.031
deit3_small_fp16,__myl_FcMulAdd_myl2_24,linear,0.025
deit3_small_fp16,__myl_CasMeaSubMulMeaAddSqrDivMulCasMulAdd_myl2_25,norm,0.0093
deit3_small_fp16,node_MatMul_183_myl2_26,linear,0.0227
deit3_small_fp16,__myl_TraSliSliSliResRes_myl2_27,attention,0.0072
deit3_small_fp16,_gemm_mha_v1_myl2_28,attention,0.0089
deit3_small_fp16,__myl_FcMulAdd_myl2_29,linear,0.0137
deit3_small_fp16,__myl_CasMeaSubMulMeaAddSqrDivMulCasMulAdd_myl2_30,norm,0.0087
deit3_small_fp16,__myl_FcMulCasErfCasAddMulMul_myl2_31,ffn,0.0307
deit3_small_fp16,__myl_FcMulAdd_myl2_32,linear,0.0251
deit3_small_fp16,__myl_CasMeaSubMulMeaAddSqrDivMulCasMulAdd_myl2_33,norm,0.0093
deit3_small_fp16,node_MatMul_239_myl2_34,linear,0.0226
deit3_small_fp16,__myl_TraSliSliSliResRes_myl2_35,attention,0.0073
deit3_small_fp16,_gemm_mha_v1_myl2_36,attention,0.009
deit3_small_fp16,__myl_FcMulAdd_myl2_37,linear,0.0137
deit3_small_fp16,__myl_CasMeaSubMulMeaAddSqrDivMulCasMulAdd_myl2_38,norm,0.0088
deit3_small_fp16,__myl_FcMulCasErfCasAddMulMul_myl2_39,ffn,0.0308
deit3_small_fp16,__myl_FcMulAdd_myl2_40,linear,0.025
deit3_small_fp16,__myl_CasMeaSubMulMeaAddSqrDivMulCasMulAdd_myl2_41,norm,0.0093
deit3_small_fp16,node_MatMul_295_myl2_42,linear,0.0226
deit3_small_fp16,__myl_TraSliSliSliResRes_myl2_43,attention,0.0072
deit3_small_fp16,_gemm_mha_v1_myl2_44,attention,0.0089
deit3_small_fp16,__myl_FcMulAdd_myl2_45,linear,0.0137
deit3_small_fp16,__myl_CasMeaSubMulMeaAddSqrDivMulCasMulAdd_myl2_46,norm,0.0087
deit3_small_fp16,__myl_FcMulCasErfCasAddMulMul_myl2_47,ffn,0.0306
deit3_small_fp16,__myl_FcMulAdd_myl2_48,linear,0.0248
deit3_small_fp16,__myl_CasMeaSubMulMeaAddSqrDivMulCasMulAdd_myl2_49,norm,0.0092
deit3_small_fp16,node_MatMul_351_myl2_50,linear,0.0226
deit3_small_fp16,__myl_TraSliSliSliResRes_myl2_51,attention,0.0073
deit3_small_fp16,_gemm_mha_v1_myl2_52,attention,0.0089
deit3_small_fp16,__myl_FcMulAdd_myl2_53,linear,0.0137
deit3_small_fp16,__myl_CasMeaSubMulMeaAddSqrDivMulCasMulAdd_myl2_54,norm,0.0086
deit3_small_fp16,__myl_FcMulCasErfCasAddMulMul_myl2_55,ffn,0.0304
deit3_small_fp16,__myl_FcMulAdd_myl2_56,linear,0.024
deit3_small_fp16,__myl_CasMeaSubMulMeaAddSqrDivMulCasMulAdd_myl2_57,norm,0.0091
deit3_small_fp16,node_MatMul_407_myl2_58,linear,0.0224
deit3_small_fp16,__myl_TraSliSliSliResRes_myl2_59,attention,0.0072
deit3_small_fp16,_gemm_mha_v1_myl2_60,attention,0.0088
deit3_small_fp16,__myl_FcMulAdd_myl2_61,linear,0.0137
deit3_small_fp16,__myl_CasMeaSubMulMeaAddSqrDivMulCasMulAdd_myl2_62,norm,0.0088
deit3_small_fp16,__myl_FcMulCasErfCasAddMulMul_myl2_63,ffn,0.0306
deit3_small_fp16,__myl_FcMulAdd_myl2_64,linear,0.0249
deit3_small_fp16,__myl_CasMeaSubMulMeaAddSqrDivMulCasMulAdd_myl2_65,norm,0.0093
deit3_small_fp16,node_MatMul_463_myl2_66,linear,0.0224
deit3_small_fp16,__myl_TraSliSliSliResRes_myl2_67,attention,0.0073
deit3_small_fp16,_gemm_mha_v1_myl2_68,attention,0.0089
deit3_small_fp16,__myl_FcMulAdd_myl2_69,linear,0.0141
deit3_small_fp16,__myl_CasMeaSubMulMeaAddSqrDivMulCasMulAdd_myl2_70,norm,0.0089
deit3_small_fp16,__myl_FcMulCasErfCasAddMulMul_myl2_71,ffn,0.0324
deit3_small_fp16,__myl_FcMulAdd_myl2_72,linear,0.0247
deit3_small_fp16,__myl_CasMeaSubMulMeaAddSqrDivMulCasMulAdd_myl2_73,norm,0.0091
deit3_small_fp16,node_MatMul_519_myl2_74,linear,0.0226
deit3_small_fp16,__myl_TraSliSliSliResRes_myl2_75,attention,0.0071
deit3_small_fp16,_gemm_mha_v1_myl2_76,attention,0.0091
deit3_small_fp16,__myl_FcMulAdd_myl2_77,linear,0.0175
deit3_small_fp16,__myl_CasMeaSubMulMeaAddSqrDivMulCasMulAdd_myl2_78,norm,0.0109
deit3_small_fp16,__myl_FcMulCasErfCasAddMulMul_myl2_79,ffn,0.0389
deit3_small_fp16,__myl_FcMulAdd_myl2_80,linear,0.0247
deit3_small_fp16,__myl_CasMeaSubMulMeaAddSqrDivMulCasMulAdd_myl2_81,norm,0.0094
deit3_small_fp16,node_MatMul_575_myl2_82,linear,0.0225
deit3_small_fp16,__myl_TraSliSliSliResRes_myl2_83,attention,0.0081
deit3_small_fp16,_gemm_mha_v1_myl2_84,attention,0.0159
deit3_small_fp16,__myl_FcMulAdd_myl2_85,linear,0.0226
deit3_small_fp16,__myl_CasMeaSubMulMeaAddSqrDivMulCasMulAdd_myl2_86,norm,0.0124
deit3_small_fp16,__myl_FcMulCasErfCasAddMulMul_myl2_87,ffn,0.0395
deit3_small_fp16,__myl_FcMulAdd_myl2_88,linear,0.0248
deit3_small_fp16,__myl_CasMeaSubMulMeaAddSqrDivMulCasMulAdd_myl2_89,norm,0.0094
deit3_small_fp16,node_MatMul_631_myl2_90,linear,0.0233
deit3_small_fp16,__myl_TraSliSliSliResRes_myl2_91,attention,0.0069
deit3_small_fp16,_gemm_mha_v1_myl2_92,attention,0.0138
deit3_small_fp16,__myl_FcMulAdd_myl2_93,linear,0.0235
deit3_small_fp16,__myl_CasMeaSubMulMeaAddSqrDivMulCasMulAdd_myl2_94,norm,0.0132
deit3_small_fp16,__myl_FcMulCasErfCasAddMulMul_myl2_95,ffn,0.0412
deit3_small_fp16,__myl_FcMulAddCasMeaSubMulMeaAddSqrDivMulCasMulAdd_myl2_96,linear,0.0307
deit3_small_fp16,__myl_SliResCas_myl2_97,other,0.0062
resnet101d_fp16,Reformatting CopyNode for Input Tensor 0 to /conv1/conv1.0/Conv + /conv1/conv1.2/Relu,conv_embed,0.0525
resnet101d_fp16,/conv1/conv1.0/Conv + /conv1/conv1.2/Relu,conv_embed,0.02
resnet101d_fp16,/conv1/conv1.3/Conv + /conv1/conv1.5/Relu,conv_embed,0.0212
resnet101d_fp16,/conv1/conv1.6/Conv + /act1/Relu,conv_embed,0.0247
resnet101d_fp16,/maxpool/MaxPool,other,0.0096
resnet101d_fp16,/layer1/layer1.0/conv1/Conv + /layer1/layer1.0/act1/Relu,conv_embed,0.0113
resnet101d_fp16,/layer1/layer1.0/conv2/Conv + /layer1/layer1.0/act2/Relu,conv_embed,0.0187
resnet101d_fp16,/layer1/layer1.0/conv3/Conv,conv_embed,0.0146
resnet101d_fp16,/layer1/layer1.0/downsample/downsample.1/Conv + /layer1/layer1.0/Add + /layer1/layer1.0/act3/Relu,conv_embed,0.0165
resnet101d_fp16,/layer1/layer1.1/conv1/Conv + /layer1/layer1.1/act1/Relu,conv_embed,0.0134
resnet101d_fp16,/layer1/layer1.1/conv2/Conv + /layer1/layer1.1/act2/Relu,conv_embed,0.0178
resnet101d_fp16,/layer1/layer1.1/conv3/Conv + /layer1/layer1.1/Add + /layer1/layer1.1/act3/Relu,conv_embed,0.0157
resnet101d_fp16,/layer1/layer1.2/conv1/Conv + /layer1/layer1.2/act1/Relu,conv_embed,0.0126
resnet101d_fp16,/layer1/layer1.2/conv2/Conv + /layer1/layer1.2/act2/Relu,conv_embed,0.0175
resnet101d_fp16,/layer1/layer1.2/conv3/Conv + /layer1/layer1.2/Add + /layer1/layer1.2/act3/Relu,conv_embed,0.0158
resnet101d_fp16,/layer2/layer2.0/conv1/Conv + /layer2/layer2.0/act1/Relu,conv_embed,0.0164
resnet101d_fp16,/layer2/layer2.0/downsample/downsample.0/AveragePool,conv_embed,0.0082
resnet101d_fp16,/layer2/layer2.0/conv2/Conv + /layer2/layer2.0/act2/Relu,conv_embed,0.0195
resnet101d_fp16,/layer2/layer2.0/conv3/Conv,conv_embed,0.0147
resnet101d_fp16,/layer2/layer2.0/downsample/downsample.1/Conv + /layer2/layer2.0/Add + /layer2/layer2.0/act3/Relu,conv_embed,0.017
resnet101d_fp16,/layer2/layer2.1/conv1/Conv + /layer2/layer2.1/act1/Relu,conv_embed,0.0343
resnet101d_fp16,/layer2/layer2.1/conv2/Conv + /layer2/layer2.1/act2/Relu,conv_embed,0.0198
resnet101d_fp16,/layer2/layer2.1/conv3/Conv + /layer2/layer2.1/Add + /layer2/layer2.1/act3/Relu,conv_embed,0.0137
resnet101d_fp16,/layer2/layer2.2/conv1/Conv + /layer2/layer2.2/act1/Relu,conv_embed,0.0128
resnet101d_fp16,/layer2/layer2.2/conv2/Conv + /layer2/layer2.2/act2/Relu,conv_embed,0.0186
resnet101d_fp16,/layer2/layer2.2/conv3/Conv + /layer2/layer2.2/Add + /layer2/layer2.2/act3/Relu,conv_embed,0.0136
resnet101d_fp16,/layer2/layer2.3/conv1/Conv + /layer2/layer2.3/act1/Relu,conv_embed,0.0126
resnet101d_fp16,/layer2/layer2.3/conv2/Conv + /layer2/layer2.3/act2/Relu,conv_embed,0.0184
resnet101d_fp16,/layer2/layer2.3/conv3/Conv + /layer2/layer2.3/Add + /layer2/layer2.3/act3/Relu,conv_embed,0.0136
resnet101d_fp16,/layer3/layer3.0/conv1/Conv + /layer3/layer3.0/act1/Relu,conv_embed,0.0176
resnet101d_fp16,/layer3/layer3.0/downsample/downsample.0/AveragePool,conv_embed,0.0073
resnet101d_fp16,/layer3/layer3.0/conv2/Conv + /layer3/layer3.0/act2/Relu,conv_embed,0.0251
resnet101d_fp16,/layer3/layer3.0/conv3/Conv,conv_embed,0.0166
resnet101d_fp16,/layer3/layer3.0/downsample/downsample.1/Conv + /layer3/layer3.0/Add + /layer3/layer3.0/act3/Relu,conv_embed,0.023
resnet101d_fp16,/layer3/layer3.1/conv1/Conv + /layer3/layer3.1/act1/Relu,conv_embed,0.0167
resnet101d_fp16,/layer3/layer3.1/conv2/Conv + /layer3/layer3.1/act2/Relu,conv_embed,0.024
resnet101d_fp16,/layer3/layer3.1/conv3/Conv + /layer3/layer3.1/Add + /layer3/layer3.1/act3/Relu,conv_embed,0.0171
resnet101d_fp16,/layer3/layer3.2/conv1/Conv + /layer3/layer3.2/act1/Relu,conv_embed,0.0154
resnet101d_fp16,/layer3/layer3.2/conv2/Conv + /layer3/layer3.2/act2/Relu,conv_embed,0.0235
resnet101d_fp16,/layer3/layer3.2/conv3/Conv + /layer3/layer3.2/Add + /layer3/layer3.2/act3/Relu,conv_embed,0.0168
resnet101d_fp16,/layer3/layer3.3/conv1/Conv + /layer3/layer3.3/act1/Relu,conv_embed,0.0153
resnet101d_fp16,/layer3/layer3.3/conv2/Conv + /layer3/layer3.3/act2/Relu,conv_embed,0.0239
resnet101d_fp16,/layer3/layer3.3/conv3/Conv + /layer3/layer3.3/Add + /layer3/layer3.3/act3/Relu,conv_embed,0.0153
resnet101d_fp16,/layer3/layer3.4/conv1/Conv + /layer3/layer3.4/act1/Relu,conv_embed,0.0154
resnet101d_fp16,/layer3/layer3.4/conv2/Conv + /layer3/layer3.4/act2/Relu,conv_embed,0.0236
resnet101d_fp16,/layer3/layer3.4/conv3/Conv + /layer3/layer3.4/Add + /layer3/layer3.4/act3/Relu,conv_embed,0.0165
resnet101d_fp16,/layer3/layer3.5/conv1/Conv + /layer3/layer3.5/act1/Relu,conv_embed,0.0153
resnet101d_fp16,/layer3/layer3.5/conv2/Conv + /layer3/layer3.5/act2/Relu,conv_embed,0.0244
resnet101d_fp16,/layer3/layer3.5/conv3/Conv + /layer3/layer3.5/Add + /layer3/layer3.5/act3/Relu,conv_embed,0.0167
resnet101d_fp16,/layer3/layer3.6/conv1/Conv + /layer3/layer3.6/act1/Relu,conv_embed,0.0153
resnet101d_fp16,/layer3/layer3.6/conv2/Conv + /layer3/layer3.6/act2/Relu,conv_embed,0.0239
resnet101d_fp16,/layer3/layer3.6/conv3/Conv + /layer3/layer3.6/Add + /layer3/layer3.6/act3/Relu,conv_embed,0.0167
resnet101d_fp16,/layer3/layer3.7/conv1/Conv + /layer3/layer3.7/act1/Relu,conv_embed,0.0153
resnet101d_fp16,/layer3/layer3.7/conv2/Conv + /layer3/layer3.7/act2/Relu,conv_embed,0.0235
resnet101d_fp16,/layer3/layer3.7/conv3/Conv + /layer3/layer3.7/Add + /layer3/layer3.7/act3/Relu,conv_embed,0.0169
resnet101d_fp16,/layer3/layer3.8/conv1/Conv + /layer3/layer3.8/act1/Relu,conv_embed,0.0154
resnet101d_fp16,/layer3/layer3.8/conv2/Conv + /layer3/layer3.8/act2/Relu,conv_embed,0.0239
resnet101d_fp16,/layer3/layer3.8/conv3/Conv + /layer3/layer3.8/Add + /layer3/layer3.8/act3/Relu,conv_embed,0.0164
resnet101d_fp16,/layer3/layer3.9/conv1/Conv + /layer3/layer3.9/act1/Relu,conv_embed,0.0158
resnet101d_fp16,/layer3/layer3.9/conv2/Conv + /layer3/layer3.9/act2/Relu,conv_embed,0.0241
resnet101d_fp16,/layer3/layer3.9/conv3/Conv + /layer3/layer3.9/Add + /layer3/layer3.9/act3/Relu,conv_embed,0.0168
resnet101d_fp16,/layer3/layer3.10/conv1/Conv + /layer3/layer3.10/act1/Relu,conv_embed,0.0153
resnet101d_fp16,/layer3/layer3.10/conv2/Conv + /layer3/layer3.10/act2/Relu,conv_embed,0.0238
resnet101d_fp16,/layer3/layer3.10/conv3/Conv + /layer3/layer3.10/Add + /layer3/layer3.10/act3/Relu,conv_embed,0.0167
resnet101d_fp16,/layer3/layer3.11/conv1/Conv + /layer3/layer3.11/act1/Relu,conv_embed,0.0152
resnet101d_fp16,/layer3/layer3.11/conv2/Conv + /layer3/layer3.11/act2/Relu,conv_embed,0.0238
resnet101d_fp16,/layer3/layer3.11/conv3/Conv + /layer3/layer3.11/Add + /layer3/layer3.11/act3/Relu,conv_embed,0.0169
resnet101d_fp16,/layer3/layer3.12/conv1/Conv + /layer3/layer3.12/act1/Relu,conv_embed,0.0155
resnet101d_fp16,/layer3/layer3.12/conv2/Conv + /layer3/layer3.12/act2/Relu,conv_embed,0.0242
resnet101d_fp16,/layer3/layer3.12/conv3/Conv + /layer3/layer3.12/Add + /layer3/layer3.12/act3/Relu,conv_embed,0.0159
resnet101d_fp16,/layer3/layer3.13/conv1/Conv + /layer3/layer3.13/act1/Relu,conv_embed,0.0158
resnet101d_fp16,/layer3/layer3.13/conv2/Conv + /layer3/layer3.13/act2/Relu,conv_embed,0.0242
resnet101d_fp16,/layer3/layer3.13/conv3/Conv + /layer3/layer3.13/Add + /layer3/layer3.13/act3/Relu,conv_embed,0.016
resnet101d_fp16,/layer3/layer3.14/conv1/Conv + /layer3/layer3.14/act1/Relu,conv_embed,0.0153
resnet101d_fp16,/layer3/layer3.14/conv2/Conv + /layer3/layer3.14/act2/Relu,conv_embed,0.0242
resnet101d_fp16,/layer3/layer3.14/conv3/Conv + /layer3/layer3.14/Add + /layer3/layer3.14/act3/Relu,conv_embed,0.0165
resnet101d_fp16,/layer3/layer3.15/conv1/Conv + /layer3/layer3.15/act1/Relu,conv_embed,0.0154
resnet101d_fp16,/layer3/layer3.15/conv2/Conv + /layer3/layer3.15/act2/Relu,conv_embed,0.0239
resnet101d_fp16,/layer3/layer3.15/conv3/Conv + /layer3/layer3.15/Add + /layer3/layer3.15/act3/Relu,conv_embed,0.0151
resnet101d_fp16,/layer3/layer3.16/conv1/Conv + /layer3/layer3.16/act1/Relu,conv_embed,0.0154
resnet101d_fp16,/layer3/layer3.16/conv2/Conv + /layer3/layer3.16/act2/Relu,conv_embed,0.0239
resnet101d_fp16,/layer3/layer3.16/conv3/Conv + /layer3/layer3.16/Add + /layer3/layer3.16/act3/Relu,conv_embed,0.0168
resnet101d_fp16,/layer3/layer3.17/conv1/Conv + /layer3/layer3.17/act1/Relu,conv_embed,0.0152
resnet101d_fp16,/layer3/layer3.17/conv2/Conv + /layer3/layer3.17/act2/Relu,conv_embed,0.0235
resnet101d_fp16,/layer3/layer3.17/conv3/Conv + /layer3/layer3.17/Add + /layer3/layer3.17/act3/Relu,conv_embed,0.0165
resnet101d_fp16,/layer3/layer3.18/conv1/Conv + /layer3/layer3.18/act1/Relu,conv_embed,0.0152
resnet101d_fp16,/layer3/layer3.18/conv2/Conv + /layer3/layer3.18/act2/Relu,conv_embed,0.0242
resnet101d_fp16,/layer3/layer3.18/conv3/Conv + /layer3/layer3.18/Add + /layer3/layer3.18/act3/Relu,conv_embed,0.0162
resnet101d_fp16,/layer3/layer3.19/conv1/Conv + /layer3/layer3.19/act1/Relu,conv_embed,0.0153
resnet101d_fp16,/layer3/layer3.19/conv2/Conv + /layer3/layer3.19/act2/Relu,conv_embed,0.0241
resnet101d_fp16,/layer3/layer3.19/conv3/Conv + /layer3/layer3.19/Add + /layer3/layer3.19/act3/Relu,conv_embed,0.0165
resnet101d_fp16,/layer3/layer3.20/conv1/Conv + /layer3/layer3.20/act1/Relu,conv_embed,0.0153
resnet101d_fp16,/layer3/layer3.20/conv2/Conv + /layer3/layer3.20/act2/Relu,conv_embed,0.024
resnet101d_fp16,/layer3/layer3.20/conv3/Conv + /layer3/layer3.20/Add + /layer3/layer3.20/act3/Relu,conv_embed,0.0164
resnet101d_fp16,/layer3/layer3.21/conv1/Conv + /layer3/layer3.21/act1/Relu,conv_embed,0.0153
resnet101d_fp16,/layer3/layer3.21/conv2/Conv + /layer3/layer3.21/act2/Relu,conv_embed,0.0239
resnet101d_fp16,/layer3/layer3.21/conv3/Conv + /layer3/layer3.21/Add + /layer3/layer3.21/act3/Relu,conv_embed,0.0167
resnet101d_fp16,/layer3/layer3.22/conv1/Conv + /layer3/layer3.22/act1/Relu,conv_embed,0.0153
resnet101d_fp16,/layer3/layer3.22/conv2/Conv + /layer3/layer3.22/act2/Relu,conv_embed,0.0236
resnet101d_fp16,/layer3/layer3.22/conv3/Conv + /layer3/layer3.22/Add + /layer3/layer3.22/act3/Relu,conv_embed,0.0165
resnet101d_fp16,/layer4/layer4.0/conv1/Conv + /layer4/layer4.0/act1/Relu,conv_embed,0.0211
resnet101d_fp16,/layer4/layer4.0/downsample/downsample.0/AveragePool,conv_embed,0.0066
resnet101d_fp16,/layer4/layer4.0/conv2/Conv + /layer4/layer4.0/act2/Relu,conv_embed,0.061
resnet101d_fp16,/layer4/layer4.0/conv3/Conv,conv_embed,0.0353
resnet101d_fp16,/layer4/layer4.0/downsample/downsample.1/Conv + /layer4/layer4.0/Add + /layer4/layer4.0/act3/Relu,conv_embed,0.0535
resnet101d_fp16,/layer4/layer4.1/conv1/Conv + /layer4/layer4.1/act1/Relu,conv_embed,0.032
resnet101d_fp16,/layer4/layer4.1/conv2/Conv + /layer4/layer4.1/act2/Relu,conv_embed,0.0593
resnet101d_fp16,/layer4/layer4.1/conv3/Conv + /layer4/layer4.1/Add + /layer4/layer4.1/act3/Relu,conv_embed,0.0314
resnet101d_fp16,/layer4/layer4.2/conv1/Conv + /layer4/layer4.2/act1/Relu,conv_embed,0.0314
resnet101d_fp16,/layer4/layer4.2/conv2/Conv + /layer4/layer4.2/act2/Relu,conv_embed,0.0586
resnet101d_fp16,/layer4/layer4.2/conv3/Conv + /layer4/layer4.2/Add + /layer4/layer4.2/act3/Relu,conv_embed,0.0315
resnet101d_fp16,/global_pool/pool/GlobalAveragePool,other,0.0072
resnet101d_fp16,Reformatting CopyNode for Input Tensor 0 to /global_pool/flatten/Flatten,reformat,0.0
resnet101d_fp16,/global_pool/flatten/Flatten,other,0.0
resnet101d_fp16,Reformatting CopyNode for Output Tensor 0 to /global_pool/flatten/Flatten,reformat,0.0083
resnet200d_fp16,Reformatting CopyNode for Input Tensor 0 to /conv1/conv1.0/Conv + /conv1/conv1.2/Relu,conv_embed,0.0568
resnet200d_fp16,/conv1/conv1.0/Conv + /conv1/conv1.2/Relu,conv_embed,0.0204
resnet200d_fp16,/conv1/conv1.3/Conv + /conv1/conv1.5/Relu,conv_embed,0.0217
resnet200d_fp16,/conv1/conv1.6/Conv + /act1/Relu,conv_embed,0.0241
resnet200d_fp16,/maxpool/MaxPool,other,0.0091
resnet200d_fp16,/layer1/layer1.0/conv1/Conv + /layer1/layer1.0/act1/Relu,conv_embed,0.011
resnet200d_fp16,/layer1/layer1.0/conv2/Conv + /layer1/layer1.0/act2/Relu,conv_embed,0.0183
resnet200d_fp16,/layer1/layer1.0/downsample/downsample.1/Conv,conv_embed,0.0145
resnet200d_fp16,/layer1/layer1.0/conv3/Conv + /layer1/layer1.0/Add + /layer1/layer1.0/act3/Relu,conv_embed,0.0166
resnet200d_fp16,/layer1/layer1.1/conv1/Conv + /layer1/layer1.1/act1/Relu,conv_embed,0.0133
resnet200d_fp16,/layer1/layer1.1/conv2/Conv + /layer1/layer1.1/act2/Relu,conv_embed,0.0179
resnet200d_fp16,/layer1/layer1.1/conv3/Conv + /layer1/layer1.1/Add + /layer1/layer1.1/act3/Relu,conv_embed,0.0152
resnet200d_fp16,/layer1/layer1.2/conv1/Conv + /layer1/layer1.2/act1/Relu,conv_embed,0.0122
resnet200d_fp16,/layer1/layer1.2/conv2/Conv + /layer1/layer1.2/act2/Relu,conv_embed,0.0171
resnet200d_fp16,/layer1/layer1.2/conv3/Conv + /layer1/layer1.2/Add + /layer1/layer1.2/act3/Relu,conv_embed,0.0151
resnet200d_fp16,/layer2/layer2.0/conv1/Conv + /layer2/layer2.0/act1/Relu,conv_embed,0.0161
resnet200d_fp16,/layer2/layer2.0/conv2/Conv + /layer2/layer2.0/act2/Relu,conv_embed,0.0197
resnet200d_fp16,/layer2/layer2.0/downsample/downsample.0/AveragePool,conv_embed,0.0083
resnet200d_fp16,/layer2/layer2.0/downsample/downsample.1/Conv,conv_embed,0.0178
resnet200d_fp16,/layer2/layer2.0/conv3/Conv + /layer2/layer2.0/Add + /layer2/layer2.0/act3/Relu,conv_embed,0.0144
resnet200d_fp16,/layer2/layer2.1/conv1/Conv + /layer2/layer2.1/act1/Relu,conv_embed,0.0552
resnet200d_fp16,/layer2/layer2.1/conv2/Conv + /layer2/layer2.1/act2/Relu,conv_embed,0.0182
resnet200d_fp16,/layer2/layer2.1/conv3/Conv + /layer2/layer2.1/Add + /layer2/layer2.1/act3/Relu,conv_embed,0.0135
resnet200d_fp16,/layer2/layer2.2/conv1/Conv + /layer2/layer2.2/act1/Relu,conv_embed,0.0126
resnet200d_fp16,/layer2/layer2.2/conv2/Conv + /layer2/layer2.2/act2/Relu,conv_embed,0.0183
resnet200d_fp16,/layer2/layer2.2/conv3/Conv + /layer2/layer2.2/Add + /layer2/layer2.2/act3/Relu,conv_embed,0.0136
resnet200d_fp16,/layer2/layer2.3/conv1/Conv + /layer2/layer2.3/act1/Relu,conv_embed,0.0124
resnet200d_fp16,/layer2/layer2.3/conv2/Conv + /layer2/layer2.3/act2/Relu,conv_embed,0.0182
resnet200d_fp16,/layer2/layer2.3/conv3/Conv + /layer2/layer2.3/Add + /layer2/layer2.3/act3/Relu,conv_embed,0.0135
resnet200d_fp16,/layer2/layer2.4/conv1/Conv + /layer2/layer2.4/act1/Relu,conv_embed,0.0125
resnet200d_fp16,/layer2/layer2.4/conv2/Conv + /layer2/layer2.4/act2/Relu,conv_embed,0.0182
resnet200d_fp16,/layer2/layer2.4/conv3/Conv + /layer2/layer2.4/Add + /layer2/layer2.4/act3/Relu,conv_embed,0.0136
resnet200d_fp16,/layer2/layer2.5/conv1/Conv + /layer2/layer2.5/act1/Relu,conv_embed,0.0124
resnet200d_fp16,/layer2/layer2.5/conv2/Conv + /layer2/layer2.5/act2/Relu,conv_embed,0.018
resnet200d_fp16,/layer2/layer2.5/conv3/Conv + /layer2/layer2.5/Add + /layer2/layer2.5/act3/Relu,conv_embed,0.0134
resnet200d_fp16,/layer2/layer2.6/conv1/Conv + /layer2/layer2.6/act1/Relu,conv_embed,0.0125
resnet200d_fp16,/layer2/layer2.6/conv2/Conv + /layer2/layer2.6/act2/Relu,conv_embed,0.0181
resnet200d_fp16,/layer2/layer2.6/conv3/Conv + /layer2/layer2.6/Add + /layer2/layer2.6/act3/Relu,conv_embed,0.0134
resnet200d_fp16,/layer2/layer2.7/conv1/Conv + /layer2/layer2.7/act1/Relu,conv_embed,0.0124
resnet200d_fp16,/layer2/layer2.7/conv2/Conv + /layer2/layer2.7/act2/Relu,conv_embed,0.0182
resnet200d_fp16,/layer2/layer2.7/conv3/Conv + /layer2/layer2.7/Add + /layer2/layer2.7/act3/Relu,conv_embed,0.0134
resnet200d_fp16,/layer2/layer2.8/conv1/Conv + /layer2/layer2.8/act1/Relu,conv_embed,0.0124
resnet200d_fp16,/layer2/layer2.8/conv2/Conv + /layer2/layer2.8/act2/Relu,conv_embed,0.018
resnet200d_fp16,/layer2/layer2.8/conv3/Conv + /layer2/layer2.8/Add + /layer2/layer2.8/act3/Relu,conv_embed,0.0135
resnet200d_fp16,/layer2/layer2.9/conv1/Conv + /layer2/layer2.9/act1/Relu,conv_embed,0.0124
resnet200d_fp16,/layer2/layer2.9/conv2/Conv + /layer2/layer2.9/act2/Relu,conv_embed,0.0178
resnet200d_fp16,/layer2/layer2.9/conv3/Conv + /layer2/layer2.9/Add + /layer2/layer2.9/act3/Relu,conv_embed,0.0134
resnet200d_fp16,/layer2/layer2.10/conv1/Conv + /layer2/layer2.10/act1/Relu,conv_embed,0.0125
resnet200d_fp16,/layer2/layer2.10/conv2/Conv + /layer2/layer2.10/act2/Relu,conv_embed,0.0178
resnet200d_fp16,/layer2/layer2.10/conv3/Conv + /layer2/layer2.10/Add + /layer2/layer2.10/act3/Relu,conv_embed,0.0134
resnet200d_fp16,/layer2/layer2.11/conv1/Conv + /layer2/layer2.11/act1/Relu,conv_embed,0.0124
resnet200d_fp16,/layer2/layer2.11/conv2/Conv + /layer2/layer2.11/act2/Relu,conv_embed,0.0179
resnet200d_fp16,/layer2/layer2.11/conv3/Conv + /layer2/layer2.11/Add + /layer2/layer2.11/act3/Relu,conv_embed,0.0133
resnet200d_fp16,/layer2/layer2.12/conv1/Conv + /layer2/layer2.12/act1/Relu,conv_embed,0.0124
resnet200d_fp16,/layer2/layer2.12/conv2/Conv + /layer2/layer2.12/act2/Relu,conv_embed,0.0179
resnet200d_fp16,/layer2/layer2.12/conv3/Conv + /layer2/layer2.12/Add + /layer2/layer2.12/act3/Relu,conv_embed,0.0135
resnet200d_fp16,/layer2/layer2.13/conv1/Conv + /layer2/layer2.13/act1/Relu,conv_embed,0.0124
resnet200d_fp16,/layer2/layer2.13/conv2/Conv + /layer2/layer2.13/act2/Relu,conv_embed,0.0178
resnet200d_fp16,/layer2/layer2.13/conv3/Conv + /layer2/layer2.13/Add + /layer2/layer2.13/act3/Relu,conv_embed,0.0134
resnet200d_fp16,/layer2/layer2.14/conv1/Conv + /layer2/layer2.14/act1/Relu,conv_embed,0.0125
resnet200d_fp16,/layer2/layer2.14/conv2/Conv + /layer2/layer2.14/act2/Relu,conv_embed,0.0179
resnet200d_fp16,/layer2/layer2.14/conv3/Conv + /layer2/layer2.14/Add + /layer2/layer2.14/act3/Relu,conv_embed,0.0133
resnet200d_fp16,/layer2/layer2.15/conv1/Conv + /layer2/layer2.15/act1/Relu,conv_embed,0.0124
resnet200d_fp16,/layer2/layer2.15/conv2/Conv + /layer2/layer2.15/act2/Relu,conv_embed,0.0181
resnet200d_fp16,/layer2/layer2.15/conv3/Conv + /layer2/layer2.15/Add + /layer2/layer2.15/act3/Relu,conv_embed,0.0134
resnet200d_fp16,/layer2/layer2.16/conv1/Conv + /layer2/layer2.16/act1/Relu,conv_embed,0.0125
resnet200d_fp16,/layer2/layer2.16/conv2/Conv + /layer2/layer2.16/act2/Relu,conv_embed,0.0182
resnet200d_fp16,/layer2/layer2.16/conv3/Conv + /layer2/layer2.16/Add + /layer2/layer2.16/act3/Relu,conv_embed,0.0135
resnet200d_fp16,/layer2/layer2.17/conv1/Conv + /layer2/layer2.17/act1/Relu,conv_embed,0.0124
resnet200d_fp16,/layer2/layer2.17/conv2/Conv + /layer2/layer2.17/act2/Relu,conv_embed,0.0183
resnet200d_fp16,/layer2/layer2.17/conv3/Conv + /layer2/layer2.17/Add + /layer2/layer2.17/act3/Relu,conv_embed,0.0134
resnet200d_fp16,/layer2/layer2.18/conv1/Conv + /layer2/layer2.18/act1/Relu,conv_embed,0.0126
resnet200d_fp16,/layer2/layer2.18/conv2/Conv + /layer2/layer2.18/act2/Relu,conv_embed,0.018
resnet200d_fp16,/layer2/layer2.18/conv3/Conv + /layer2/layer2.18/Add + /layer2/layer2.18/act3/Relu,conv_embed,0.0133
resnet200d_fp16,/layer2/layer2.19/conv1/Conv + /layer2/layer2.19/act1/Relu,conv_embed,0.0124
resnet200d_fp16,/layer2/layer2.19/conv2/Conv + /layer2/layer2.19/act2/Relu,conv_embed,0.0184
resnet200d_fp16,/layer2/layer2.19/conv3/Conv + /layer2/layer2.19/Add + /layer2/layer2.19/act3/Relu,conv_embed,0.0134
resnet200d_fp16,/layer2/layer2.20/conv1/Conv + /layer2/layer2.20/act1/Relu,conv_embed,0.0124
resnet200d_fp16,/layer2/layer2.20/conv2/Conv + /layer2/layer2.20/act2/Relu,conv_embed,0.0184
resnet200d_fp16,/layer2/layer2.20/conv3/Conv + /layer2/layer2.20/Add + /layer2/layer2.20/act3/Relu,conv_embed,0.0135
resnet200d_fp16,/layer2/layer2.21/conv1/Conv + /layer2/layer2.21/act1/Relu,conv_embed,0.0123
resnet200d_fp16,/layer2/layer2.21/conv2/Conv + /layer2/layer2.21/act2/Relu,conv_embed,0.0181
resnet200d_fp16,/layer2/layer2.21/conv3/Conv + /layer2/layer2.21/Add + /layer2/layer2.21/act3/Relu,conv_embed,0.0134
resnet200d_fp16,/layer2/layer2.22/conv1/Conv + /layer2/layer2.22/act1/Relu,conv_embed,0.0125
resnet200d_fp16,/layer2/layer2.22/conv2/Conv + /layer2/layer2.22/act2/Relu,conv_embed,0.0183
resnet200d_fp16,/layer2/layer2.22/conv3/Conv + /layer2/layer2.22/Add + /layer2/layer2.22/act3/Relu,conv_embed,0.0133
resnet200d_fp16,/layer2/layer2.23/conv1/Conv + /layer2/layer2.23/act1/Relu,conv_embed,0.0124
resnet200d_fp16,/layer2/layer2.23/conv2/Conv + /layer2/layer2.23/act2/Relu,conv_embed,0.0183
resnet200d_fp16,/layer2/layer2.23/conv3/Conv + /layer2/layer2.23/Add + /layer2/layer2.23/act3/Relu,conv_embed,0.0134
resnet200d_fp16,/layer3/layer3.0/conv1/Conv + /layer3/layer3.0/act1/Relu,conv_embed,0.0166
resnet200d_fp16,/layer3/layer3.0/conv2/Conv + /layer3/layer3.0/act2/Relu,conv_embed,0.0251
resnet200d_fp16,/layer3/layer3.0/downsample/downsample.0/AveragePool,conv_embed,0.0073
resnet200d_fp16,/layer3/layer3.0/downsample/downsample.1/Conv,conv_embed,0.0224
resnet200d_fp16,/layer3/layer3.0/conv3/Conv + /layer3/layer3.0/Add + /layer3/layer3.0/act3/Relu,conv_embed,0.0161
resnet200d_fp16,/layer3/layer3.1/conv1/Conv + /layer3/layer3.1/act1/Relu,conv_embed,0.017
resnet200d_fp16,/layer3/layer3.1/conv2/Conv + /layer3/layer3.1/act2/Relu,conv_embed,0.0243
resnet200d_fp16,/layer3/layer3.1/conv3/Conv + /layer3/layer3.1/Add + /layer3/layer3.1/act3/Relu,conv_embed,0.0171
resnet200d_fp16,/layer3/layer3.2/conv1/Conv + /layer3/layer3.2/act1/Relu,conv_embed,0.0154
resnet200d_fp16,/layer3/layer3.2/conv2/Conv + /layer3/layer3.2/act2/Relu,conv_embed,0.0239
resnet200d_fp16,/layer3/layer3.2/conv3/Conv + /layer3/layer3.2/Add + /layer3/layer3.2/act3/Relu,conv_embed,0.0167
resnet200d_fp16,/layer3/layer3.3/conv1/Conv + /layer3/layer3.3/act1/Relu,conv_embed,0.0154
resnet200d_fp16,/layer3/layer3.3/conv2/Conv + /layer3/layer3.3/act2/Relu,conv_embed,0.0236
resnet200d_fp16,/layer3/layer3.3/conv3/Conv + /layer3/layer3.3/Add + /layer3/layer3.3/act3/Relu,conv_embed,0.0167
resnet200d_fp16,/layer3/layer3.4/conv1/Conv + /layer3/layer3.4/act1/Relu,conv_embed,0.0154
resnet200d_fp16,/layer3/layer3.4/conv2/Conv + /layer3/layer3.4/act2/Relu,conv_embed,0.0238
resnet200d_fp16,/layer3/layer3.4/conv3/Conv + /layer3/layer3.4/Add + /layer3/layer3.4/act3/Relu,conv_embed,0.0166
resnet200d_fp16,/layer3/layer3.5/conv1/Conv + /layer3/layer3.5/act1/Relu,conv_embed,0.0153
resnet200d_fp16,/layer3/layer3.5/conv2/Conv + /layer3/layer3.5/act2/Relu,conv_embed,0.0239
resnet200d_fp16,/layer3/layer3.5/conv3/Conv + /layer3/layer3.5/Add + /layer3/layer3.5/act3/Relu,conv_embed,0.0167
resnet200d_fp16,/layer3/layer3.6/conv1/Conv + /layer3/layer3.6/act1/Relu,conv_embed,0.0154
resnet200d_fp16,/layer3/layer3.6/conv2/Conv + /layer3/layer3.6/act2/Relu,conv_embed,0.0244
resnet200d_fp16,/layer3/layer3.6/conv3/Conv + /layer3/layer3.6/Add + /layer3/layer3.6/act3/Relu,conv_embed,0.0169
resnet200d_fp16,/layer3/layer3.7/conv1/Conv + /layer3/layer3.7/act1/Relu,conv_embed,0.0155
resnet200d_fp16,/layer3/layer3.7/conv2/Conv + /layer3/layer3.7/act2/Relu,conv_embed,0.0237
resnet200d_fp16,/layer3/layer3.7/conv3/Conv + /layer3/layer3.7/Add + /layer3/layer3.7/act3/Relu,conv_embed,0.0168
resnet200d_fp16,/layer3/layer3.8/conv1/Conv + /layer3/layer3.8/act1/Relu,conv_embed,0.0155
resnet200d_fp16,/layer3/layer3.8/conv2/Conv + /layer3/layer3.8/act2/Relu,conv_embed,0.0237
resnet200d_fp16,/layer3/layer3.8/conv3/Conv + /layer3/layer3.8/Add + /layer3/layer3.8/act3/Relu,conv_embed,0.0166
resnet200d_fp16,/layer3/layer3.9/conv1/Conv + /layer3/layer3.9/act1/Relu,conv_embed,0.0154
resnet200d_fp16,/layer3/layer3.9/conv2/Conv + /layer3/layer3.9/act2/Relu,conv_embed,0.0244
resnet200d_fp16,/layer3/layer3.9/conv3/Conv + /layer3/layer3.9/Add + /layer3/layer3.9/act3/Relu,conv_embed,0.0161
resnet200d_fp16,/layer3/layer3.10/conv1/Conv + /layer3/layer3.10/act1/Relu,conv_embed,0.0155
resnet200d_fp16,/layer3/layer3.10/conv2/Conv + /layer3/layer3.10/act2/Relu,conv_embed,0.0241
resnet200d_fp16,/layer3/layer3.10/conv3/Conv + /layer3/layer3.10/Add + /layer3/layer3.10/act3/Relu,conv_embed,0.0169
resnet200d_fp16,/layer3/layer3.11/conv1/Conv + /layer3/layer3.11/act1/Relu,conv_embed,0.0154
resnet200d_fp16,/layer3/layer3.11/conv2/Conv + /layer3/layer3.11/act2/Relu,conv_embed,0.0235
resnet200d_fp16,/layer3/layer3.11/conv3/Conv + /layer3/layer3.11/Add + /layer3/layer3.11/act3/Relu,conv_embed,0.017
resnet200d_fp16,/layer3/layer3.12/conv1/Conv + /layer3/layer3.12/act1/Relu,conv_embed,0.016
resnet200d_fp16,/layer3/layer3.12/conv2/Conv + /layer3/layer3.12/act2/Relu,conv_embed,0.0242
resnet200d_fp16,/layer3/layer3.12/conv3/Conv + /layer3/layer3.12/Add + /layer3/layer3.12/act3/Relu,conv_embed,0.0159
resnet200d_fp16,/layer3/layer3.13/conv1/Conv + /layer3/layer3.13/act1/Relu,conv_embed,0.0154
resnet200d_fp16,/layer3/layer3.13/conv2/Conv + /layer3/layer3.13/act2/Relu,conv_embed,0.0238
resnet200d_fp16,/layer3/layer3.13/conv3/Conv + /layer3/layer3.13/Add + /layer3/layer3.13/act3/Relu,conv_embed,0.0173
resnet200d_fp16,/layer3/layer3.14/conv1/Conv + /layer3/layer3.14/act1/Relu,conv_embed,0.016
resnet200d_fp16,/layer3/layer3.14/conv2/Conv + /layer3/layer3.14/act2/Relu,conv_embed,0.0239
resnet200d_fp16,/layer3/layer3.14/conv3/Conv + /layer3/layer3.14/Add + /layer3/layer3.14/act3/Relu,conv_embed,0.0161
resnet200d_fp16,/layer3/layer3.15/conv1/Conv + /layer3/layer3.15/act1/Relu,conv_embed,0.0154
resnet200d_fp16,/layer3/layer3.15/conv2/Conv + /layer3/layer3.15/act2/Relu,conv_embed,0.0235
resnet200d_fp16,/layer3/layer3.15/conv3/Conv + /layer3/layer3.15/Add + /layer3/layer3.15/act3/Relu,conv_embed,0.0165
resnet200d_fp16,/layer3/layer3.16/conv1/Conv + /layer3/layer3.16/act1/Relu,conv_embed,0.0155
resnet200d_fp16,/layer3/layer3.16/conv2/Conv + /layer3/layer3.16/act2/Relu,conv_embed,0.0239
resnet200d_fp16,/layer3/layer3.16/conv3/Conv + /layer3/layer3.16/Add + /layer3/layer3.16/act3/Relu,conv_embed,0.0168
resnet200d_fp16,/layer3/layer3.17/conv1/Conv + /layer3/layer3.17/act1/Relu,conv_embed,0.0154
resnet200d_fp16,/layer3/layer3.17/conv2/Conv + /layer3/layer3.17/act2/Relu,conv_embed,0.0238
resnet200d_fp16,/layer3/layer3.17/conv3/Conv + /layer3/layer3.17/Add + /layer3/layer3.17/act3/Relu,conv_embed,0.015
resnet200d_fp16,/layer3/layer3.18/conv1/Conv + /layer3/layer3.18/act1/Relu,conv_embed,0.0154
resnet200d_fp16,/layer3/layer3.18/conv2/Conv + /layer3/layer3.18/act2/Relu,conv_embed,0.024
resnet200d_fp16,/layer3/layer3.18/conv3/Conv + /layer3/layer3.18/Add + /layer3/layer3.18/act3/Relu,conv_embed,0.0168
resnet200d_fp16,/layer3/layer3.19/conv1/Conv + /layer3/layer3.19/act1/Relu,conv_embed,0.0154
resnet200d_fp16,/layer3/layer3.19/conv2/Conv + /layer3/layer3.19/act2/Relu,conv_embed,0.0239
resnet200d_fp16,/layer3/layer3.19/conv3/Conv + /layer3/layer3.19/Add + /layer3/layer3.19/act3/Relu,conv_embed,0.0153
resnet200d_fp16,/layer3/layer3.20/conv1/Conv + /layer3/layer3.20/act1/Relu,conv_embed,0.0154
resnet200d_fp16,/layer3/layer3.20/conv2/Conv + /layer3/layer3.20/act2/Relu,conv_embed,0.0241
resnet200d_fp16,/layer3/layer3.20/conv3/Conv + /layer3/layer3.20/Add + /layer3/layer3.20/act3/Relu,conv_embed,0.0162
resnet200d_fp16,/layer3/layer3.21/conv1/Conv + /layer3/layer3.21/act1/Relu,conv_embed,0.0154
resnet200d_fp16,/layer3/layer3.21/conv2/Conv + /layer3/layer3.21/act2/Relu,conv_embed,0.0238
resnet200d_fp16,/layer3/layer3.21/conv3/Conv + /layer3/layer3.21/Add + /layer3/layer3.21/act3/Relu,conv_embed,0.0169
resnet200d_fp16,/layer3/layer3.22/conv1/Conv + /layer3/layer3.22/act1/Relu,conv_embed,0.0158
resnet200d_fp16,/layer3/layer3.22/conv2/Conv + /layer3/layer3.22/act2/Relu,conv_embed,0.0239
resnet200d_fp16,/layer3/layer3.22/conv3/Conv + /layer3/layer3.22/Add + /layer3/layer3.22/act3/Relu,conv_embed,0.0163
resnet200d_fp16,/layer3/layer3.23/conv1/Conv + /layer3/layer3.23/act1/Relu,conv_embed,0.0154
resnet200d_fp16,/layer3/layer3.23/conv2/Conv + /layer3/layer3.23/act2/Relu,conv_embed,0.0237
resnet200d_fp16,/layer3/layer3.23/conv3/Conv + /layer3/layer3.23/Add + /layer3/layer3.23/act3/Relu,conv_embed,0.0153
resnet200d_fp16,/layer3/layer3.24/conv1/Conv + /layer3/layer3.24/act1/Relu,conv_embed,0.0154
resnet200d_fp16,/layer3/layer3.24/conv2/Conv + /layer3/layer3.24/act2/Relu,conv_embed,0.0237
resnet200d_fp16,/layer3/layer3.24/conv3/Conv + /layer3/layer3.24/Add + /layer3/layer3.24/act3/Relu,conv_embed,0.0167
resnet200d_fp16,/layer3/layer3.25/conv1/Conv + /layer3/layer3.25/act1/Relu,conv_embed,0.0153
resnet200d_fp16,/layer3/layer3.25/conv2/Conv + /layer3/layer3.25/act2/Relu,conv_embed,0.0236
resnet200d_fp16,/layer3/layer3.25/conv3/Conv + /layer3/layer3.25/Add + /layer3/layer3.25/act3/Relu,conv_embed,0.0171
resnet200d_fp16,/layer3/layer3.26/conv1/Conv + /layer3/layer3.26/act1/Relu,conv_embed,0.0157
resnet200d_fp16,/layer3/layer3.26/conv2/Conv + /layer3/layer3.26/act2/Relu,conv_embed,0.0242
resnet200d_fp16,/layer3/layer3.26/conv3/Conv + /layer3/layer3.26/Add + /layer3/layer3.26/act3/Relu,conv_embed,0.0165
resnet200d_fp16,/layer3/layer3.27/conv1/Conv + /layer3/layer3.27/act1/Relu,conv_embed,0.0152
resnet200d_fp16,/layer3/layer3.27/conv2/Conv + /layer3/layer3.27/act2/Relu,conv_embed,0.0236
resnet200d_fp16,/layer3/layer3.27/conv3/Conv + /layer3/layer3.27/Add + /layer3/layer3.27/act3/Relu,conv_embed,0.0169
resnet200d_fp16,/layer3/layer3.28/conv1/Conv + /layer3/layer3.28/act1/Relu,conv_embed,0.0159
resnet200d_fp16,/layer3/layer3.28/conv2/Conv + /layer3/layer3.28/act2/Relu,conv_embed,0.0237
resnet200d_fp16,/layer3/layer3.28/conv3/Conv + /layer3/layer3.28/Add + /layer3/layer3.28/act3/Relu,conv_embed,0.0163
resnet200d_fp16,/layer3/layer3.29/conv1/Conv + /layer3/layer3.29/act1/Relu,conv_embed,0.0152
resnet200d_fp16,/layer3/layer3.29/conv2/Conv + /layer3/layer3.29/act2/Relu,conv_embed,0.0236
resnet200d_fp16,/layer3/layer3.29/conv3/Conv + /layer3/layer3.29/Add + /layer3/layer3.29/act3/Relu,conv_embed,0.0161
resnet200d_fp16,/layer3/layer3.30/conv1/Conv + /layer3/layer3.30/act1/Relu,conv_embed,0.0151
resnet200d_fp16,/layer3/layer3.30/conv2/Conv + /layer3/layer3.30/act2/Relu,conv_embed,0.0238
resnet200d_fp16,/layer3/layer3.30/conv3/Conv + /layer3/layer3.30/Add + /layer3/layer3.30/act3/Relu,conv_embed,0.0164
resnet200d_fp16,/layer3/layer3.31/conv1/Conv + /layer3/layer3.31/act1/Relu,conv_embed,0.0152
resnet200d_fp16,/layer3/layer3.31/conv2/Conv + /layer3/layer3.31/act2/Relu,conv_embed,0.0239
resnet200d_fp16,/layer3/layer3.31/conv3/Conv + /layer3/layer3.31/Add + /layer3/layer3.31/act3/Relu,conv_embed,0.0152
resnet200d_fp16,/layer3/layer3.32/conv1/Conv + /layer3/layer3.32/act1/Relu,conv_embed,0.0153
resnet200d_fp16,/layer3/layer3.32/conv2/Conv + /layer3/layer3.32/act2/Relu,conv_embed,0.0237
resnet200d_fp16,/layer3/layer3.32/conv3/Conv + /layer3/layer3.32/Add + /layer3/layer3.32/act3/Relu,conv_embed,0.016
resnet200d_fp16,/layer3/layer3.33/conv1/Conv + /layer3/layer3.33/act1/Relu,conv_embed,0.0152
resnet200d_fp16,/layer3/layer3.33/conv2/Conv + /layer3/layer3.33/act2/Relu,conv_embed,0.0238
resnet200d_fp16,/layer3/layer3.33/conv3/Conv + /layer3/layer3.33/Add + /layer3/layer3.33/act3/Relu,conv_embed,0.0163
resnet200d_fp16,/layer3/layer3.34/conv1/Conv + /layer3/layer3.34/act1/Relu,conv_embed,0.0152
resnet200d_fp16,/layer3/layer3.34/conv2/Conv + /layer3/layer3.34/act2/Relu,conv_embed,0.0241
resnet200d_fp16,/layer3/layer3.34/conv3/Conv + /layer3/layer3.34/Add + /layer3/layer3.34/act3/Relu,conv_embed,0.0164
resnet200d_fp16,/layer3/layer3.35/conv1/Conv + /layer3/layer3.35/act1/Relu,conv_embed,0.0155
resnet200d_fp16,/layer3/layer3.35/conv2/Conv + /layer3/layer3.35/act2/Relu,conv_embed,0.0246
resnet200d_fp16,/layer3/layer3.35/conv3/Conv + /layer3/layer3.35/Add + /layer3/layer3.35/act3/Relu,conv_embed,0.015
resnet200d_fp16,/layer4/layer4.0/conv1/Conv + /layer4/layer4.0/act1/Relu,conv_embed,0.0218
resnet200d_fp16,/layer4/layer4.0/conv2/Conv + /layer4/layer4.0/act2/Relu,conv_embed,0.0625
resnet200d_fp16,/layer4/layer4.0/downsample/downsample.0/AveragePool,conv_embed,0.0082
resnet200d_fp16,/layer4/layer4.0/downsample/downsample.1/Conv,conv_embed,0.0523
resnet200d_fp16,/layer4/layer4.0/conv3/Conv + /layer4/layer4.0/Add + /layer4/layer4.0/act3/Relu,conv_embed,0.0329
resnet200d_fp16,/layer4/layer4.1/conv1/Conv + /layer4/layer4.1/act1/Relu,conv_embed,0.032
resnet200d_fp16,/layer4/layer4.1/conv2/Conv + /layer4/layer4.1/act2/Relu,conv_embed,0.058
resnet200d_fp16,/layer4/layer4.1/conv3/Conv + /layer4/layer4.1/Add + /layer4/layer4.1/act3/Relu,conv_embed,0.0323
resnet200d_fp16,/layer4/layer4.2/conv1/Conv + /layer4/layer4.2/act1/Relu,conv_embed,0.0306
resnet200d_fp16,/layer4/layer4.2/conv2/Conv + /layer4/layer4.2/act2/Relu,conv_embed,0.0589
resnet200d_fp16,/layer4/layer4.2/conv3/Conv + /layer4/layer4.2/Add + /layer4/layer4.2/act3/Relu,conv_embed,0.0325
resnet200d_fp16,/global_pool/pool/GlobalAveragePool,other,0.0068
resnet200d_fp16,Reformatting CopyNode for Input Tensor 0 to /global_pool/flatten/Flatten,reformat,0.0
resnet200d_fp16,/global_pool/flatten/Flatten,other,0.0
resnet200d_fp16,Reformatting CopyNode for Output Tensor 0 to /global_pool/flatten/Flatten,reformat,0.0101
resnet50d_fp16,Reformatting CopyNode for Input Tensor 0 to /conv1/conv1.0/Conv + /conv1/conv1.2/Relu,conv_embed,0.0516
resnet50d_fp16,/conv1/conv1.0/Conv + /conv1/conv1.2/Relu,conv_embed,0.0197
resnet50d_fp16,/conv1/conv1.3/Conv + /conv1/conv1.5/Relu,conv_embed,0.0212
resnet50d_fp16,/conv1/conv1.6/Conv + /act1/Relu,conv_embed,0.0249
resnet50d_fp16,/maxpool/MaxPool,other,0.0095
resnet50d_fp16,/layer1/layer1.0/conv1/Conv + /layer1/layer1.0/act1/Relu,conv_embed,0.0114
resnet50d_fp16,/layer1/layer1.0/conv2/Conv + /layer1/layer1.0/act2/Relu,conv_embed,0.0187
resnet50d_fp16,/layer1/layer1.0/conv3/Conv,conv_embed,0.0148
resnet50d_fp16,/layer1/layer1.0/downsample/downsample.1/Conv + /layer1/layer1.0/Add + /layer1/layer1.0/act3/Relu,conv_embed,0.0166
resnet50d_fp16,/layer1/layer1.1/conv1/Conv + /layer1/layer1.1/act1/Relu,conv_embed,0.0138
resnet50d_fp16,/layer1/layer1.1/conv2/Conv + /layer1/layer1.1/act2/Relu,conv_embed,0.018
resnet50d_fp16,/layer1/layer1.1/conv3/Conv + /layer1/layer1.1/Add + /layer1/layer1.1/act3/Relu,conv_embed,0.0161
resnet50d_fp16,/layer1/layer1.2/conv1/Conv + /layer1/layer1.2/act1/Relu,conv_embed,0.0133
resnet50d_fp16,/layer1/layer1.2/conv2/Conv + /layer1/layer1.2/act2/Relu,conv_embed,0.0174
resnet50d_fp16,/layer1/layer1.2/conv3/Conv + /layer1/layer1.2/Add + /layer1/layer1.2/act3/Relu,conv_embed,0.0159
resnet50d_fp16,/layer2/layer2.0/conv1/Conv + /layer2/layer2.0/act1/Relu,conv_embed,0.0166
resnet50d_fp16,/layer2/layer2.0/downsample/downsample.0/AveragePool,conv_embed,0.0083
resnet50d_fp16,/layer2/layer2.0/conv2/Conv + /layer2/layer2.0/act2/Relu,conv_embed,0.0198
resnet50d_fp16,/layer2/layer2.0/conv3/Conv,conv_embed,0.0146
resnet50d_fp16,/layer2/layer2.0/downsample/downsample.1/Conv + /layer2/layer2.0/Add + /layer2/layer2.0/act3/Relu,conv_embed,0.017
resnet50d_fp16,/layer2/layer2.1/conv1/Conv + /layer2/layer2.1/act1/Relu,conv_embed,0.0261
resnet50d_fp16,/layer2/layer2.1/conv2/Conv + /layer2/layer2.1/act2/Relu,conv_embed,0.0184
resnet50d_fp16,/layer2/layer2.1/conv3/Conv + /layer2/layer2.1/Add + /layer2/layer2.1/act3/Relu,conv_embed,0.0138
resnet50d_fp16,/layer2/layer2.2/conv1/Conv + /layer2/layer2.2/act1/Relu,conv_embed,0.0126
resnet50d_fp16,/layer2/layer2.2/conv2/Conv + /layer2/layer2.2/act2/Relu,conv_embed,0.0184
resnet50d_fp16,/layer2/layer2.2/conv3/Conv + /layer2/layer2.2/Add + /layer2/layer2.2/act3/Relu,conv_embed,0.0137
resnet50d_fp16,/layer2/layer2.3/conv1/Conv + /layer2/layer2.3/act1/Relu,conv_embed,0.0127
resnet50d_fp16,/layer2/layer2.3/conv2/Conv + /layer2/layer2.3/act2/Relu,conv_embed,0.0183
resnet50d_fp16,/layer2/layer2.3/conv3/Conv + /layer2/layer2.3/Add + /layer2/layer2.3/act3/Relu,conv_embed,0.0134
resnet50d_fp16,/layer3/layer3.0/conv1/Conv + /layer3/layer3.0/act1/Relu,conv_embed,0.0166
resnet50d_fp16,/layer3/layer3.0/downsample/downsample.0/AveragePool,conv_embed,0.0072
resnet50d_fp16,/layer3/layer3.0/conv2/Conv + /layer3/layer3.0/act2/Relu,conv_embed,0.0252
resnet50d_fp16,/layer3/layer3.0/conv3/Conv,conv_embed,0.0164
resnet50d_fp16,/layer3/layer3.0/downsample/downsample.1/Conv + /layer3/layer3.0/Add + /layer3/layer3.0/act3/Relu,conv_embed,0.023
resnet50d_fp16,/layer3/layer3.1/conv1/Conv + /layer3/layer3.1/act1/Relu,conv_embed,0.0164
resnet50d_fp16,/layer3/layer3.1/conv2/Conv + /layer3/layer3.1/act2/Relu,conv_embed,0.0241
resnet50d_fp16,/layer3/layer3.1/conv3/Conv + /layer3/layer3.1/Add + /layer3/layer3.1/act3/Relu,conv_embed,0.0168
resnet50d_fp16,/layer3/layer3.2/conv1/Conv + /layer3/layer3.2/act1/Relu,conv_embed,0.0152
resnet50d_fp16,/layer3/layer3.2/conv2/Conv + /layer3/layer3.2/act2/Relu,conv_embed,0.0237
resnet50d_fp16,/layer3/layer3.2/conv3/Conv + /layer3/layer3.2/Add + /layer3/layer3.2/act3/Relu,conv_embed,0.0164
resnet50d_fp16,/layer3/layer3.3/conv1/Conv + /layer3/layer3.3/act1/Relu,conv_embed,0.0151
resnet50d_fp16,/layer3/layer3.3/conv2/Conv + /layer3/layer3.3/act2/Relu,conv_embed,0.0238
resnet50d_fp16,/layer3/layer3.3/conv3/Conv + /layer3/layer3.3/Add + /layer3/layer3.3/act3/Relu,conv_embed,0.015
resnet50d_fp16,/layer3/layer3.4/conv1/Conv + /layer3/layer3.4/act1/Relu,conv_embed,0.0152
resnet50d_fp16,/layer3/layer3.4/conv2/Conv + /layer3/layer3.4/act2/Relu,conv_embed,0.024
resnet50d_fp16,/layer3/layer3.4/conv3/Conv + /layer3/layer3.4/Add + /layer3/layer3.4/act3/Relu,conv_embed,0.0154
resnet50d_fp16,/layer3/layer3.5/conv1/Conv + /layer3/layer3.5/act1/Relu,conv_embed,0.015
resnet50d_fp16,/layer3/layer3.5/conv2/Conv + /layer3/layer3.5/act2/Relu,conv_embed,0.0239
resnet50d_fp16,/layer3/layer3.5/conv3/Conv + /layer3/layer3.5/Add + /layer3/layer3.5/act3/Relu,conv_embed,0.0162
resnet50d_fp16,/layer4/layer4.0/conv1/Conv + /layer4/layer4.0/act1/Relu,conv_embed,0.0211
resnet50d_fp16,/layer4/layer4.0/downsample/downsample.0/AveragePool,conv_embed,0.0074
resnet50d_fp16,/layer4/layer4.0/conv2/Conv + /layer4/layer4.0/act2/Relu,conv_embed,0.061
resnet50d_fp16,/layer4/layer4.0/conv3/Conv,conv_embed,0.0324
resnet50d_fp16,/layer4/layer4.0/downsample/downsample.1/Conv + /layer4/layer4.0/Add + /layer4/layer4.0/act3/Relu,conv_embed,0.0533
resnet50d_fp16,/layer4/layer4.1/conv1/Conv + /layer4/layer4.1/act1/Relu,conv_embed,0.0324
resnet50d_fp16,/layer4/layer4.1/conv2/Conv + /layer4/layer4.1/act2/Relu,conv_embed,0.0587
resnet50d_fp16,/layer4/layer4.1/conv3/Conv + /layer4/layer4.1/Add + /layer4/layer4.1/act3/Relu,conv_embed,0.0323
resnet50d_fp16,/layer4/layer4.2/conv1/Conv + /layer4/layer4.2/act1/Relu,conv_embed,0.0304
resnet50d_fp16,/layer4/layer4.2/conv2/Conv + /layer4/layer4.2/act2/Relu,conv_embed,0.059
resnet50d_fp16,/layer4/layer4.2/conv3/Conv + /layer4/layer4.2/Add + /layer4/layer4.2/act3/Relu,conv_embed,0.0328
resnet50d_fp16,/global_pool/pool/GlobalAveragePool,other,0.0066
resnet50d_fp16,Reformatting CopyNode for Input Tensor 0 to /global_pool/flatten/Flatten,reformat,0.0
resnet50d_fp16,/global_pool/flatten/Flatten,other,0.0
resnet50d_fp16,Reformatting CopyNode for Output Tensor 0 to /global_pool/flatten/Flatten,reformat,0.0073
swin_base_fp16,Reformatting CopyNode for Input Tensor 0 to node_conv2d,conv_embed,0.045
swin_base_fp16,node_conv2d,conv_embed,0.0216
swin_base_fp16,dummy_shape_call__mye472266_0_myl2_0,other,0.0043
swin_base_fp16,__myl_TraCasMeaSubMulMeaAddSqrDivMulCasMulAddCasMeaSubMulMea_myl2_1,norm,0.0212
swin_base_fp16,__myl_AddSqrDivMulCasMulAddRepRepConRepRepConResTraResResTra_myl2_2,attention,0.0114
swin_base_fp16,__mye462850+__mye462838+__mye462826_myl2_3,attention,0.0337
swin_base_fp16,_gemm_mha_v2_myl2_4,attention,0.0258
swin_base_fp16,node_MatMul_58_myl2_5,linear,0.0155
swin_base_fp16,__myl_ResTraResTraResSliSliAddResCasMeaSubMulMeaAddSqrDivMulCasMulAdd_myl2_6,attention,0.0102
swin_base_fp16,__myl_FcMulCasErfCasAddMulMul_myl2_7,ffn,0.0392
swin_base_fp16,__myl_FcAdd_myl2_8,linear,0.0218
swin_base_fp16,__myl_ResCasMeaSubMulMea_myl2_9,norm,0.0126
swin_base_fp16,__myl_AddSqrDivMulCasMulAddSliSliConSliSliConConConResTraResResTra_myl2_10,attention,0.0114
swin_base_fp16,__mye462965+__mye462953+__mye462941_myl2_11,attention,0.0273
swin_base_fp16,_gemm_mha_v2_myl2_12,attention,0.0375
swin_base_fp16,node_MatMul_218_myl2_13,linear,0.0147
swin_base_fp16,__myl_ResTraResTraResSliSliSliSliConSliSliConAddResCasMeaSubMulMeaAddSqrDivMulCasMulAdd_myl2_14,attention,0.0104
swin_base_fp16,__myl_FcMulCasErfCasAddMulMul_myl2_15,ffn,0.0379
swin_base_fp16,__myl_FcAdd_myl2_16,linear,0.0239
swin_base_fp16,__myl_ResTraResCasMeaSubMulMeaAddSqrDivMulCasMulAdd_myl2_17,norm,0.0103
swin_base_fp16,node_linear_8_myl2_18,conv_embed,0.0996
swin_base_fp16,__myl_CasMeaSubMulMea_myl2_19,norm,0.0084
swin_base_fp16,__myl_AddSqrDivMulCasMulAddRepRepConRepRepConResTraResResTra_myl2_20,attention,0.0102
swin_base_fp16,__mye463080+__mye463068+__mye463056_myl2_21,attention,0.025
swin_base_fp16,_gemm_mha_v2_myl2_22,attention,0.0186
swin_base_fp16,node_MatMul_381_myl2_23,linear,0.0151
swin_base_fp16,__myl_ResTraResTraResSliSliAddResCasMeaSubMulMeaAddSqrDivMulCasMulAdd_myl2_24,attention,0.0086
swin_base_fp16,__myl_FcMulCasErfCasAddMulMul_myl2_25,ffn,0.0294
swin_base_fp16,__myl_FcAdd_myl2_26,linear,0.0247
swin_base_fp16,__myl_ResCasMeaSubMulMea_myl2_27,norm,0.0095
swin_base_fp16,__myl_AddSqrDivMulCasMulAddSliSliConSliSliConConConResTraResResTra_myl2_28,attention,0.0106
swin_base_fp16,__mye463195+__mye463183+__mye463171_myl2_29,attention,0.0236
swin_base_fp16,_gemm_mha_v2_myl2_30,attention,0.0229
swin_base_fp16,node_MatMul_536_myl2_31,linear,0.0148
swin_base_fp16,__myl_ResTraResTraResSliSliSliSliConSliSliConAddResCasMeaSubMulMeaAddSqrDivMulCasMulAdd_myl2_32,attention,0.0089
swin_base_fp16,__myl_FcMulCasErfCasAddMulMul_myl2_33,ffn,0.0295
swin_base_fp16,__myl_FcAdd_myl2_34,linear,0.0243
swin_base_fp16,__myl_ResTraResCasMeaSubMulMeaAddSqrDivMulCasMulAdd_myl2_35,norm,0.0096
swin_base_fp16,node_linear_17_myl2_36,conv_embed,0.0235
swin_base_fp16,__myl_CasMeaSubMulMeaAddSqrDivMulCasMulAdd_myl2_37,norm,0.0094
swin_base_fp16,__mye463310+__mye463298+__mye463286_myl2_38,attention,0.0327
swin_base_fp16,_gemm_mha_v2_myl2_39,attention,0.011
swin_base_fp16,node_MatMul_699_myl2_40,linear,0.0163
swin_base_fp16,__myl_AddResCasMeaSubMulMeaAddSqrDivMulCasMulAdd_myl2_41,norm,0.0107
swin_base_fp16,__myl_FcMulCasErfCasAddMulMul_myl2_42,ffn,0.0411
swin_base_fp16,__myl_FcAdd_myl2_43,linear,0.0362
swin_base_fp16,__myl_ResCasMeaSubMulMeaAddSqrDivMulCasMulAdd_myl2_44,norm,0.0099
swin_base_fp16,__mye463425+__mye463413+__mye463401_myl2_45,attention,0.0293
swin_base_fp16,_gemm_mha_v2_myl2_46,attention,0.0106
swin_base_fp16,node_MatMul_803_myl2_47,linear,0.0164
swin_base_fp16,__myl_AddResCasMeaSubMulMeaAddSqrDivMulCasMulAdd_myl2_48,norm,0.0105
swin_base_fp16,__myl_FcMulCasErfCasAddMulMul_myl2_49,ffn,0.0411
swin_base_fp16,__myl_FcAdd_myl2_50,linear,0.0358
swin_base_fp16,__myl_ResCasMeaSubMulMeaAddSqrDivMulCasMulAdd_myl2_51,norm,0.0096
swin_base_fp16,__mye463540+__mye463528+__mye463516_myl2_52,attention,0.0291
swin_base_fp16,_gemm_mha_v2_myl2_53,attention,0.0106
swin_base_fp16,node_MatMul_907_myl2_54,linear,0.0163
swin_base_fp16,__myl_AddResCasMeaSubMulMeaAddSqrDivMulCasMulAdd_myl2_55,norm,0.0106
swin_base_fp16,__myl_FcMulCasErfCasAddMulMul_myl2_56,ffn,0.0411
swin_base_fp16,__myl_FcAdd_myl2_57,linear,0.0369
swin_base_fp16,__myl_ResCasMeaSubMulMeaAddSqrDivMulCasMulAdd_myl2_58,norm,0.0098
swin_base_fp16,__mye463655+__mye463643+__mye463631_myl2_59,attention,0.0292
swin_base_fp16,_gemm_mha_v2_myl2_60,attention,0.0106
swin_base_fp16,node_MatMul_1011_myl2_61,linear,0.0165
swin_base_fp16,__myl_AddResCasMeaSubMulMeaAddSqrDivMulCasMulAdd_myl2_62,norm,0.0105
swin_base_fp16,__myl_FcMulCasErfCasAddMulMul_myl2_63,ffn,0.041
swin_base_fp16,__myl_FcAdd_myl2_64,linear,0.036
swin_base_fp16,__myl_ResCasMeaSubMulMeaAddSqrDivMulCasMulAdd_myl2_65,norm,0.0098
swin_base_fp16,__mye463770+__mye463758+__mye463746_myl2_66,attention,0.0293
swin_base_fp16,_gemm_mha_v2_myl2_67,attention,0.0109
swin_base_fp16,node_MatMul_1115_myl2_68,linear,0.0165
swin_base_fp16,__myl_AddResCasMeaSubMulMeaAddSqrDivMulCasMulAdd_myl2_69,norm,0.0098
swin_base_fp16,__myl_FcMulCasErfCasAddMulMul_myl2_70,ffn,0.0417
swin_base_fp16,__myl_FcAdd_myl2_71,linear,0.0362
swin_base_fp16,__myl_ResCasMeaSubMulMeaAddSqrDivMulCasMulAdd_myl2_72,norm,0.0094
swin_base_fp16,__mye463885+__mye463873+__mye463861_myl2_73,attention,0.0293
swin_base_fp16,_gemm_mha_v2_myl2_74,attention,0.0105
swin_base_fp16,node_MatMul_1219_myl2_75,linear,0.0166
swin_base_fp16,__myl_AddResCasMeaSubMulMeaAddSqrDivMulCasMulAdd_myl2_76,norm,0.0105
swin_base_fp16,__myl_FcMulCasErfCasAddMulMul_myl2_77,ffn,0.0414
swin_base_fp16,__myl_FcAdd_myl2_78,linear,0.036
swin_base_fp16,__myl_ResCasMeaSubMulMeaAddSqrDivMulCasMulAdd_myl2_79,norm,0.0095
swin_base_fp16,__mye464000+__mye463988+__mye463976_myl2_80,attention,0.0291
swin_base_fp16,_gemm_mha_v2_myl2_81,attention,0.0105
swin_base_fp16,node_MatMul_1323_myl2_82,linear,0.0166
swin_base_fp16,__myl_AddResCasMeaSubMulMeaAddSqrDivMulCasMulAdd_myl2_83,norm,0.0106
swin_base_fp16,__myl_FcMulCasErfCasAddMulMul_myl2_84,ffn,0.0413
swin_base_fp16,__myl_FcAdd_myl2_85,linear,0.036
swin_base_fp16,__myl_ResCasMeaSubMulMeaAddSqrDivMulCasMulAdd_myl2_86,norm,0.0094
swin_base_fp16,__mye464115+__mye464103+__mye464091_myl2_87,attention,0.0296
swin_base_fp16,_gemm_mha_v2_myl2_88,attention,0.0104
swin_base_fp16,node_MatMul_1427_myl2_89,linear,0.0166
swin_base_fp16,__myl_AddResCasMeaSubMulMeaAddSqrDivMulCasMulAdd_myl2_90,norm,0.0101
swin_base_fp16,__myl_FcMulCasErfCasAddMulMul_myl2_91,ffn,0.0412
swin_base_fp16,__myl_FcAdd_myl2_92,linear,0.0359
swin_base_fp16,__myl_ResCasMeaSubMulMeaAddSqrDivMulCasMulAdd_myl2_93,norm,0.0096
swin_base_fp16,__mye464230+__mye464218+__mye464206_myl2_94,attention,0.0291
swin_base_fp16,_gemm_mha_v2_myl2_95,attention,0.0105
swin_base_fp16,node_MatMul_1531_myl2_96,linear,0.0166
swin_base_fp16,__myl_AddResCasMeaSubMulMeaAddSqrDivMulCasMulAdd_myl2_97,norm,0.0101
swin_base_fp16,__myl_FcMulCasErfCasAddMulMul_myl2_98,ffn,0.0412
swin_base_fp16,__myl_FcAdd_myl2_99,linear,0.0361
swin_base_fp16,__myl_ResCasMeaSubMulMeaAddSqrDivMulCasMulAdd_myl2_100,norm,0.0095
swin_base_fp16,__mye464345+__mye464333+__mye464321_myl2_101,attention,0.0296
swin_base_fp16,_gemm_mha_v2_myl2_102,attention,0.0109
swin_base_fp16,node_MatMul_1635_myl2_103,linear,0.0166
swin_base_fp16,__myl_AddResCasMeaSubMulMeaAddSqrDivMulCasMulAdd_myl2_104,norm,0.0105
swin_base_fp16,__myl_FcMulCasErfCasAddMulMul_myl2_105,ffn,0.0411
swin_base_fp16,__myl_FcAdd_myl2_106,linear,0.0362
swin_base_fp16,__myl_ResCasMeaSubMulMeaAddSqrDivMulCasMulAdd_myl2_107,norm,0.0096
swin_base_fp16,__mye464460+__mye464448+__mye464436_myl2_108,attention,0.0289
swin_base_fp16,_gemm_mha_v2_myl2_109,attention,0.0105
swin_base_fp16,node_MatMul_1739_myl2_110,linear,0.0165
swin_base_fp16,__myl_AddResCasMeaSubMulMeaAddSqrDivMulCasMulAdd_myl2_111,norm,0.0095
swin_base_fp16,__myl_FcMulCasErfCasAddMulMul_myl2_112,ffn,0.0412
swin_base_fp16,__myl_FcAdd_myl2_113,linear,0.0357
swin_base_fp16,__myl_ResCasMeaSubMulMeaAddSqrDivMulCasMulAdd_myl2_114,norm,0.0095
swin_base_fp16,__mye464575+__mye464563+__mye464551_myl2_115,attention,0.0293
swin_base_fp16,_gemm_mha_v2_myl2_116,attention,0.0105
swin_base_fp16,node_MatMul_1843_myl2_117,linear,0.0162
swin_base_fp16,__myl_AddResCasMeaSubMulMeaAddSqrDivMulCasMulAdd_myl2_118,norm,0.0104
swin_base_fp16,__myl_FcMulCasErfCasAddMulMul_myl2_119,ffn,0.0409
swin_base_fp16,__myl_FcAdd_myl2_120,linear,0.0369
swin_base_fp16,__myl_ResCasMeaSubMulMeaAddSqrDivMulCasMulAdd_myl2_121,norm,0.0095
swin_base_fp16,__mye464690+__mye464678+__mye464666_myl2_122,attention,0.029
swin_base_fp16,_gemm_mha_v2_myl2_123,attention,0.0105
swin_base_fp16,node_MatMul_1947_myl2_124,linear,0.0167
swin_base_fp16,__myl_AddResCasMeaSubMulMeaAddSqrDivMulCasMulAdd_myl2_125,norm,0.0094
swin_base_fp16,__myl_FcMulCasErfCasAddMulMul_myl2_126,ffn,0.0408
swin_base_fp16,__myl_FcAdd_myl2_127,linear,0.0362
swin_base_fp16,__myl_ResCasMeaSubMulMeaAddSqrDivMulCasMulAdd_myl2_128,norm,0.0093
swin_base_fp16,__mye464805+__mye464793+__mye464781_myl2_129,attention,0.0292
swin_base_fp16,_gemm_mha_v2_myl2_130,attention,0.0103
swin_base_fp16,node_MatMul_2051_myl2_131,linear,0.0165
swin_base_fp16,__myl_AddResCasMeaSubMulMeaAddSqrDivMulCasMulAdd_myl2_132,norm,0.0102
swin_base_fp16,__myl_FcMulCasErfCasAddMulMul_myl2_133,ffn,0.0406
swin_base_fp16,__myl_FcAdd_myl2_134,linear,0.036
swin_base_fp16,__myl_ResCasMeaSubMulMeaAddSqrDivMulCasMulAdd_myl2_135,norm,0.0093
swin_base_fp16,__mye464920+__mye464908+__mye464896_myl2_136,attention,0.029
swin_base_fp16,_gemm_mha_v2_myl2_137,attention,0.0108
swin_base_fp16,node_MatMul_2155_myl2_138,linear,0.016
swin_base_fp16,__myl_AddResCasMeaSubMulMeaAddSqrDivMulCasMulAdd_myl2_139,norm,0.0103
swin_base_fp16,__myl_FcMulCasErfCasAddMulMul_myl2_140,ffn,0.0403
swin_base_fp16,__myl_FcAdd_myl2_141,linear,0.0364
swin_base_fp16,__myl_ResCasMeaSubMulMeaAddSqrDivMulCasMulAdd_myl2_142,norm,0.0093
swin_base_fp16,__mye465035+__mye465023+__mye465011_myl2_143,attention,0.029
swin_base_fp16,_gemm_mha_v2_myl2_144,attention,0.0101
swin_base_fp16,node_MatMul_2259_myl2_145,linear,0.0167
swin_base_fp16,__myl_AddResCasMeaSubMulMeaAddSqrDivMulCasMulAdd_myl2_146,norm,0.0095
swin_base_fp16,__myl_FcMulCasErfCasAddMulMul_myl2_147,ffn,0.0435
swin_base_fp16,__myl_FcAdd_myl2_148,linear,0.0355
swin_base_fp16,__myl_ResCasMeaSubMulMeaAddSqrDivMulCasMulAdd_myl2_149,norm,0.0092
swin_base_fp16,__mye465150+__mye465138+__mye465126_myl2_150,attention,0.0302
swin_base_fp16,_gemm_mha_v2_myl2_151,attention,0.0105
swin_base_fp16,node_MatMul_2363_myl2_152,linear,0.0215
swin_base_fp16,__myl_AddResCasMeaSubMulMeaAddSqrDivMulCasMulAdd_myl2_153,norm,0.0151
swin_base_fp16,__myl_FcMulCasErfCasAddMulMul_myl2_154,ffn,0.0521
swin_base_fp16,__myl_FcAdd_myl2_155,linear,0.0358
swin_base_fp16,__myl_ResCasMeaSubMulMeaAddSqrDivMulCasMulAdd_myl2_156,norm,0.0091
swin_base_fp16,__mye465265+__mye465253+__mye465241_myl2_157,attention,0.0349
swin_base_fp16,_gemm_mha_v2_myl2_158,attention,0.0113
swin_base_fp16,node_MatMul_2467_myl2_159,linear,0.0301
swin_base_fp16,__myl_AddResCasMeaSubMulMeaAddSqrDivMulCasMulAdd_myl2_160,norm,0.0199
swin_base_fp16,__myl_FcMulCasErfCasAddMulMul_myl2_161,ffn,0.0577
swin_base_fp16,__myl_FcAdd_myl2_162,linear,0.036
swin_base_fp16,__myl_ResTraResCasMeaSubMulMeaAddSqrDivMulCasMulAdd_myl2_163,norm,0.0111
swin_base_fp16,node_linear_90_myl2_164,conv_embed,0.0668
swin_base_fp16,__myl_CasMeaSubMulMeaAddSqrDivMulCasMulAdd_myl2_165,norm,0.0094
swin_base_fp16,__mye465380+__mye465368+__mye465356_myl2_166,attention,0.0846
swin_base_fp16,_gemm_mha_v2_myl2_167,attention,0.0097
swin_base_fp16,node_MatMul_2589_myl2_168,linear,0.0371
swin_base_fp16,__myl_AddResCasMeaSubMulMeaAddSqrDivMulCasMulAdd_myl2_169,norm,0.0096
swin_base_fp16,__myl_FcMulCasErfCasAddMulMul_myl2_170,ffn,0.1205
swin_base_fp16,__myl_FcAdd_myl2_171,linear,0.103
swin_base_fp16,__myl_ResCasMeaSubMulMeaAddSqrDivMulCasMulAdd_myl2_172,norm,0.0091
swin_base_fp16,__mye465495+__mye465483+__mye465471_myl2_173,attention,0.0836
swin_base_fp16,_gemm_mha_v2_myl2_174,attention,0.009
swin_base_fp16,node_MatMul_2693_myl2_175,linear,0.0356
swin_base_fp16,__myl_AddResCasMeaSubMulMeaAddSqrDivMulCasMulAdd_myl2_176,norm,0.0098
swin_base_fp16,__myl_FcMulCasErfCasAddMulMul_myl2_177,ffn,0.1129
swin_base_fp16,__myl_FcAdd_myl2_178,linear,0.1019
swin_base_fp16,__myl_ResCasMeaSubMulMea_myl2_179,norm,0.0081
swin_base_fp16,__myl_AddSqrDivMulCasMulAddMea_myl2_180,other,0.0088
swin_base_fp16,__myl_Cas_myl2_181,other,0.0057
swin_small_fp16,node_conv2d,conv_embed,0.0473
swin_small_fp16,Reformatting CopyNode for Input Tensor 0 to {ForeignNode[patch_embed.norm.weight + ONNXTRT_Broadcast...node_mean]},conv_embed,0.0158
swin_small_fp16,dummy_shape_call__mye472583_0_myl2_0,other,0.0045
swin_small_fp16,__myl_TraCasMeaSubMulMeaAddSqrDivMulCasMulAddCasMeaSubMulMea_myl2_1,norm,0.0325
swin_small_fp16,__myl_AddSqrDivMulCasMulAddRepRepConRepRepConResTraResResTra_myl2_2,attention,0.0138
swin_small_fp16,__mye462857+__mye462845+__mye462833_myl2_3,attention,0.0303
swin_small_fp16,_gemm_mha_v2_myl2_4,attention,0.0254
swin_small_fp16,node_MatMul_58_myl2_5,linear,0.0167
swin_small_fp16,__myl_ResTraResTraResSliSliAddResCasMeaSubMulMeaAddSqrDivMulCasMulAdd_myl2_6,attention,0.0127
swin_small_fp16,__myl_FcMulCasErfCasAddMulMul_myl2_7,ffn,0.0264
swin_small_fp16,__myl_FcAdd_myl2_8,linear,0.0227
swin_small_fp16,__myl_ResCasMeaSubMulMea_myl2_9,norm,0.0133
swin_small_fp16,__myl_AddSqrDivMulCasMulAddSliSliConSliSliConConConResTraResResTra_myl2_10,attention,0.0142
swin_small_fp16,__mye462972+__mye462960+__mye462948_myl2_11,attention,0.0243
swin_small_fp16,_gemm_mha_v2_myl2_12,attention,0.041
swin_small_fp16,node_MatMul_218_myl2_13,linear,0.0159
swin_small_fp16,__myl_ResTraResTraResSliSliSliSliConSliSliConAddResCasMeaSubMulMeaAddSqrDivMulCasMulAdd_myl2_14,attention,0.0129
swin_small_fp16,__myl_FcMulCasErfCasAddMulMul_myl2_15,ffn,0.0262
swin_small_fp16,__myl_FcAdd_myl2_16,linear,0.0215
swin_small_fp16,__myl_ResTraResCasMeaSubMulMeaAddSqrDivMulCasMulAdd_myl2_17,norm,0.0121
swin_small_fp16,node_linear_8_myl2_18,conv_embed,0.0743
swin_small_fp16,__myl_CasMeaSubMulMea_myl2_19,norm,0.0099
swin_small_fp16,__myl_AddSqrDivMulCasMulAddRepRepConRepRepConResTraResResTra_myl2_20,attention,0.0138
swin_small_fp16,__mye463087+__mye463075+__mye463063_myl2_21,attention,0.023
swin_small_fp16,_gemm_mha_v2_myl2_22,attention,0.0208
swin_small_fp16,node_MatMul_381_myl2_23,linear,0.0148
swin_small_fp16,__myl_ResTraResTraResSliSliAddResCasMeaSubMulMeaAddSqrDivMulCasMulAdd_myl2_24,attention,0.0114
swin_small_fp16,__myl_FcMulCasErfCasAddMulMul_myl2_25,ffn,0.0295
swin_small_fp16,__myl_FcAdd_myl2_26,linear,0.0244
swin_small_fp16,__myl_ResCasMeaSubMulMea_myl2_27,norm,0.011
swin_small_fp16,__myl_AddSqrDivMulCasMulAddSliSliConSliSliConConConResTraResResTra_myl2_28,attention,0.0139
swin_small_fp16,__mye463202+__mye463190+__mye463178_myl2_29,attention,0.0215
swin_small_fp16,_gemm_mha_v2_myl2_30,attention,0.0258
swin_small_fp16,node_MatMul_536_myl2_31,linear,0.0141
swin_small_fp16,__myl_ResTraResTraResSliSliSliSliConSliSliConAddResCasMeaSubMulMeaAddSqrDivMulCasMulAdd_myl2_32,attention,0.0117
swin_small_fp16,__myl_FcMulCasErfCasAddMulMul_myl2_33,ffn,0.0299
swin_small_fp16,__myl_FcAdd_myl2_34,linear,0.0238
swin_small_fp16,__myl_ResTraResCasMeaSubMulMeaAddSqrDivMulCasMulAdd_myl2_35,norm,0.0109
swin_small_fp16,node_linear_17_myl2_36,conv_embed,0.0191
swin_small_fp16,__myl_CasMeaSubMulMeaAddSqrDivMulCasMulAdd_myl2_37,norm,0.0108
swin_small_fp16,__mye463317+__mye463305+__mye463293_myl2_38,attention,0.0302
swin_small_fp16,_gemm_mha_v2_myl2_39,attention,0.0119
swin_small_fp16,node_MatMul_699_myl2_40,linear,0.0173
swin_small_fp16,__myl_AddResCasMeaSubMulMeaAddSqrDivMulCasMulAdd_myl2_41,norm,0.0111
swin_small_fp16,node_MatMul_736_myl2_42,linear,0.0295
swin_small_fp16,__myl_MulCasErfCasAddMulMul_myl2_43,ffn,0.0103
swin_small_fp16,__myl_FcAdd_myl2_44,linear,0.03
swin_small_fp16,__myl_ResCasMeaSubMulMeaAddSqrDivMulCasMulAdd_myl2_45,norm,0.0109
swin_small_fp16,__mye463432+__mye463420+__mye463408_myl2_46,attention,0.0276
swin_small_fp16,_gemm_mha_v2_myl2_47,attention,0.0114
swin_small_fp16,node_MatMul_803_myl2_48,linear,0.0163
swin_small_fp16,__myl_AddResCasMeaSubMulMeaAddSqrDivMulCasMulAdd_myl2_49,norm,0.0111
swin_small_fp16,node_MatMul_840_myl2_50,linear,0.0293
swin_small_fp16,__myl_MulCasErfCasAddMulMul_myl2_51,ffn,0.0103
swin_small_fp16,__myl_FcAdd_myl2_52,linear,0.0296
swin_small_fp16,__myl_ResCasMeaSubMulMeaAddSqrDivMulCasMulAdd_myl2_53,norm,0.0102
swin_small_fp16,__mye463547+__mye463535+__mye463523_myl2_54,attention,0.0277
swin_small_fp16,_gemm_mha_v2_myl2_55,attention,0.0112
swin_small_fp16,node_MatMul_907_myl2_56,linear,0.0164
swin_small_fp16,__myl_AddResCasMeaSubMulMeaAddSqrDivMulCasMulAdd_myl2_57,norm,0.0106
swin_small_fp16,node_MatMul_944_myl2_58,linear,0.03
swin_small_fp16,__myl_MulCasErfCasAddMulMul_myl2_59,ffn,0.0103
swin_small_fp16,__myl_FcAdd_myl2_60,linear,0.0312
swin_small_fp16,__myl_ResCasMeaSubMulMeaAddSqrDivMulCasMulAdd_myl2_61,norm,0.0101
swin_small_fp16,__mye463662+__mye463650+__mye463638_myl2_62,attention,0.0281
swin_small_fp16,_gemm_mha_v2_myl2_63,attention,0.0113
swin_small_fp16,node_MatMul_1011_myl2_64,linear,0.017
swin_small_fp16,__myl_AddResCasMeaSubMulMeaAddSqrDivMulCasMulAdd_myl2_65,norm,0.0112
swin_small_fp16,node_MatMul_1048_myl2_66,linear,0.0318
swin_small_fp16,__myl_MulCasErfCasAddMulMul_myl2_67,ffn,0.0102
swin_small_fp16,__myl_FcAdd_myl2_68,linear,0.0326
swin_small_fp16,__myl_ResCasMeaSubMulMeaAddSqrDivMulCasMulAdd_myl2_69,norm,0.0101
swin_small_fp16,__mye463777+__mye463765+__mye463753_myl2_70,attention,0.0292
swin_small_fp16,_gemm_mha_v2_myl2_71,attention,0.0112
swin_small_fp16,node_MatMul_1115_myl2_72,linear,0.0185
swin_small_fp16,__myl_AddResCasMeaSubMulMeaAddSqrDivMulCasMulAdd_myl2_73,norm,0.0123
swin_small_fp16,node_MatMul_1152_myl2_74,linear,0.0334
swin_small_fp16,__myl_MulCasErfCasAddMulMul_myl2_75,ffn,0.0102
swin_small_fp16,__myl_FcAdd_myl2_76,linear,0.034
swin_small_fp16,__myl_ResCasMeaSubMulMeaAddSqrDivMulCasMulAdd_myl2_77,norm,0.0101
swin_small_fp16,__mye463892+__mye463880+__mye463868_myl2_78,attention,0.03
swin_small_fp16,_gemm_mha_v2_myl2_79,attention,0.0112
swin_small_fp16,node_MatMul_1219_myl2_80,linear,0.0193
swin_small_fp16,__myl_AddResCasMeaSubMulMeaAddSqrDivMulCasMulAdd_myl2_81,norm,0.0125
swin_small_fp16,node_MatMul_1256_myl2_82,linear,0.0338
swin_small_fp16,__myl_MulCasErfCasAddMulMul_myl2_83,ffn,0.0116
swin_small_fp16,__myl_FcAdd_myl2_84,linear,0.0364
swin_small_fp16,__myl_ResCasMeaSubMulMeaAddSqrDivMulCasMulAdd_myl2_85,norm,0.0101
swin_small_fp16,__mye464007+__mye463995+__mye463983_myl2_86,attention,0.0313
swin_small_fp16,_gemm_mha_v2_myl2_87,attention,0.0112
swin_small_fp16,node_MatMul_1323_myl2_88,linear,0.0195
swin_small_fp16,__myl_AddResCasMeaSubMulMeaAddSqrDivMulCasMulAdd_myl2_89,norm,0.013
swin_small_fp16,node_MatMul_1360_myl2_90,linear,0.0342
swin_small_fp16,__myl_MulCasErfCasAddMulMul_myl2_91,ffn,0.0102
swin_small_fp16,__myl_FcAdd_myl2_92,linear,0.0352
swin_small_fp16,__myl_ResCasMeaSubMulMeaAddSqrDivMulCasMulAdd_myl2_93,norm,0.01
swin_small_fp16,__mye464122+__mye464110+__mye464098_myl2_94,attention,0.0312
swin_small_fp16,_gemm_mha_v2_myl2_95,attention,0.0112
swin_small_fp16,node_MatMul_1427_myl2_96,linear,0.0204
swin_small_fp16,__myl_AddResCasMeaSubMulMeaAddSqrDivMulCasMulAdd_myl2_97,norm,0.0133
swin_small_fp16,node_MatMul_1464_myl2_98,linear,0.0346
swin_small_fp16,__myl_MulCasErfCasAddMulMul_myl2_99,ffn,0.0102
swin_small_fp16,__myl_FcAdd_myl2_100,linear,0.0359
swin_small_fp16,__myl_ResCasMeaSubMulMeaAddSqrDivMulCasMulAdd_myl2_101,norm,0.01
swin_small_fp16,__mye464237+__mye464225+__mye464213_myl2_102,attention,0.0321
swin_small_fp16,_gemm_mha_v2_myl2_103,attention,0.0112
swin_small_fp16,node_MatMul_1531_myl2_104,linear,0.0211
swin_small_fp16,__myl_AddResCasMeaSubMulMeaAddSqrDivMulCasMulAdd_myl2_105,norm,0.0136
swin_small_fp16,node_MatMul_1568_myl2_106,linear,0.0353
swin_small_fp16,__myl_MulCasErfCasAddMulMul_myl2_107,ffn,0.0102
swin_small_fp16,__myl_FcAdd_myl2_108,linear,0.0367
swin_small_fp16,__myl_ResCasMeaSubMulMeaAddSqrDivMulCasMulAdd_myl2_109,norm,0.0101
swin_small_fp16,__mye464352+__mye464340+__mye464328_myl2_110,attention,0.0328
swin_small_fp16,_gemm_mha_v2_myl2_111,attention,0.0112
swin_small_fp16,node_MatMul_1635_myl2_112,linear,0.0224
swin_small_fp16,__myl_AddResCasMeaSubMulMeaAddSqrDivMulCasMulAdd_myl2_113,norm,0.014
swin_small_fp16,node_MatMul_1672_myl2_114,linear,0.0356
swin_small_fp16,__myl_MulCasErfCasAddMulMul_myl2_115,ffn,0.0102
swin_small_fp16,__myl_FcAdd_myl2_116,linear,0.0375
swin_small_fp16,__myl_ResCasMeaSubMulMeaAddSqrDivMulCasMulAdd_myl2_117,norm,0.0101
swin_small_fp16,__mye464467+__mye464455+__mye464443_myl2_118,attention,0.0338
swin_small_fp16,_gemm_mha_v2_myl2_119,attention,0.0114
swin_small_fp16,node_MatMul_1739_myl2_120,linear,0.0228
swin_small_fp16,__myl_AddResCasMeaSubMulMeaAddSqrDivMulCasMulAdd_myl2_121,norm,0.0147
swin_small_fp16,node_MatMul_1776_myl2_122,linear,0.0368
swin_small_fp16,__myl_MulCasErfCasAddMulMul_myl2_123,ffn,0.0103
swin_small_fp16,__myl_FcAdd_myl2_124,linear,0.0392
swin_small_fp16,__myl_ResCasMeaSubMulMeaAddSqrDivMulCasMulAdd_myl2_125,norm,0.0101
swin_small_fp16,__mye464582+__mye464570+__mye464558_myl2_126,attention,0.0346
swin_small_fp16,_gemm_mha_v2_myl2_127,attention,0.0121
swin_small_fp16,node_MatMul_1843_myl2_128,linear,0.0245
swin_small_fp16,__myl_AddResCasMeaSubMulMeaAddSqrDivMulCasMulAdd_myl2_129,norm,0.0158
swin_small_fp16,node_MatMul_1880_myl2_130,linear,0.0381
swin_small_fp16,__myl_MulCasErfCasAddMulMul_myl2_131,ffn,0.0107
swin_small_fp16,__myl_FcAdd_myl2_132,linear,0.0404
swin_small_fp16,__myl_ResCasMeaSubMulMeaAddSqrDivMulCasMulAdd_myl2_133,norm,0.0102
swin_small_fp16,__mye464697+__mye464685+__mye464673_myl2_134,attention,0.0367
swin_small_fp16,_gemm_mha_v2_myl2_135,attention,0.0124
swin_small_fp16,node_MatMul_1947_myl2_136,linear,0.0256
swin_small_fp16,__myl_AddResCasMeaSubMulMeaAddSqrDivMulCasMulAdd_myl2_137,norm,0.0171
swin_small_fp16,node_MatMul_1984_myl2_138,linear,0.0407
swin_small_fp16,__myl_MulCasErfCasAddMulMul_myl2_139,ffn,0.0109
swin_small_fp16,__myl_FcAdd_myl2_140,linear,0.0414
swin_small_fp16,__myl_ResCasMeaSubMulMeaAddSqrDivMulCasMulAdd_myl2_141,norm,0.0109
swin_small_fp16,__mye464812+__mye464800+__mye464788_myl2_142,attention,0.0382
swin_small_fp16,_gemm_mha_v2_myl2_143,attention,0.0131
swin_small_fp16,node_MatMul_2051_myl2_144,linear,0.0282
swin_small_fp16,__myl_AddResCasMeaSubMulMeaAddSqrDivMulCasMulAdd_myl2_145,norm,0.0181
swin_small_fp16,node_MatMul_2088_myl2_146,linear,0.0416
swin_small_fp16,__myl_MulCasErfCasAddMulMul_myl2_147,ffn,0.0116
swin_small_fp16,__myl_FcAdd_myl2_148,linear,0.0436
swin_small_fp16,__myl_ResCasMeaSubMulMeaAddSqrDivMulCasMulAdd_myl2_149,norm,0.0111
swin_small_fp16,__mye464927+__mye464915+__mye464903_myl2_150,attention,0.0395
swin_small_fp16,_gemm_mha_v2_myl2_151,attention,0.0133
swin_small_fp16,node_MatMul_2155_myl2_152,linear,0.0289
swin_small_fp16,__myl_AddResCasMeaSubMulMeaAddSqrDivMulCasMulAdd_myl2_153,norm,0.019
swin_small_fp16,node_MatMul_2192_myl2_154,linear,0.043
swin_small_fp16,__myl_MulCasErfCasAddMulMul_myl2_155,ffn,0.0122
swin_small_fp16,__myl_FcAdd_myl2_156,linear,0.0451
swin_small_fp16,__myl_ResCasMeaSubMulMeaAddSqrDivMulCasMulAdd_myl2_157,norm,0.0118
swin_small_fp16,__mye465042+__mye465030+__mye465018_myl2_158,attention,0.0416
swin_small_fp16,_gemm_mha_v2_myl2_159,attention,0.0143
swin_small_fp16,node_MatMul_2259_myl2_160,linear,0.0309
swin_small_fp16,__myl_AddResCasMeaSubMulMeaAddSqrDivMulCasMulAdd_myl2_161,norm,0.0206
swin_small_fp16,node_MatMul_2296_myl2_162,linear,0.0449
swin_small_fp16,__myl_MulCasErfCasAddMulMul_myl2_163,ffn,0.0128
swin_small_fp16,__myl_FcAdd_myl2_164,linear,0.0475
swin_small_fp16,__myl_ResCasMeaSubMulMeaAddSqrDivMulCasMulAdd_myl2_165,norm,0.012
swin_small_fp16,__mye465157+__mye465145+__mye465133_myl2_166,attention,0.043
swin_small_fp16,_gemm_mha_v2_myl2_167,attention,0.0146
swin_small_fp16,node_MatMul_2363_myl2_168,linear,0.0433
swin_small_fp16,__myl_AddResCasMeaSubMulMeaAddSqrDivMulCasMulAdd_myl2_169,norm,0.0227
swin_small_fp16,node_MatMul_2400_myl2_170,linear,0.047
swin_small_fp16,__myl_MulCasErfCasAddMulMul_myl2_171,ffn,0.0132
swin_small_fp16,__myl_FcAdd_myl2_172,linear,0.0493
swin_small_fp16,__myl_ResCasMeaSubMulMeaAddSqrDivMulCasMulAdd_myl2_173,norm,0.0127
swin_small_fp16,__mye465272+__mye465260+__mye465248_myl2_174,attention,0.0446
swin_small_fp16,_gemm_mha_v2_myl2_175,attention,0.0159
swin_small_fp16,node_MatMul_2467_myl2_176,linear,0.0339
swin_small_fp16,__myl_AddResCasMeaSubMulMeaAddSqrDivMulCasMulAdd_myl2_177,norm,0.0227
swin_small_fp16,node_MatMul_2504_myl2_178,linear,0.0478
swin_small_fp16,__myl_MulCasErfCasAddMulMul_myl2_179,ffn,0.0137
swin_small_fp16,__myl_FcAdd_myl2_180,linear,0.0507
swin_small_fp16,__myl_ResTraResCasMeaSubMulMeaAddSqrDivMulCasMulAdd_myl2_181,norm,0.0152
swin_small_fp16,node_linear_90_myl2_182,conv_embed,0.0639
swin_small_fp16,__myl_CasMeaSubMulMeaAddSqrDivMulCasMulAdd_myl2_183,norm,0.0106
swin_small_fp16,__mye465387+__mye465375+__mye465363_myl2_184,attention,0.0781
swin_small_fp16,_gemm_mha_v2_myl2_185,attention,0.011
swin_small_fp16,node_MatMul_2589_myl2_186,linear,0.0296
swin_small_fp16,__myl_AddResCasMeaSubMulMeaAddSqrDivMulCasMulAdd_myl2_187,norm,0.0157
swin_small_fp16,__myl_FcMulCasErfCasAddMulMul_myl2_188,ffn,0.1016
swin_small_fp16,__myl_FcAdd_myl2_189,linear,0.0766
swin_small_fp16,__myl_ResCasMeaSubMulMeaAddSqrDivMulCasMulAdd_myl2_190,norm,0.0107
swin_small_fp16,__mye465502+__mye465490+__mye465478_myl2_191,attention,0.0657
swin_small_fp16,_gemm_mha_v2_myl2_192,attention,0.0105
swin_small_fp16,node_MatMul_2693_myl2_193,linear,0.0276
swin_small_fp16,__myl_AddResCasMeaSubMulMeaAddSqrDivMulCasMulAdd_myl2_194,norm,0.0111
swin_small_fp16,__myl_FcMulCasErfCasAddMulMul_myl2_195,ffn,0.0968
swin_small_fp16,__myl_FcAdd_myl2_196,linear,0.0767
swin_small_fp16,__myl_ResCasMeaSubMulMea_myl2_197,norm,0.0095
swin_small_fp16,__myl_AddSqrDivMulCasMulAddMea_myl2_198,other,0.0101
swin_small_fp16,__myl_Res_myl2_199,other,0.007
swin_small_fp16,Reformatting CopyNode for Output Tensor 0 to {ForeignNode[patch_embed.norm.weight + ONNXTRT_Broadcast...node_mean]},conv_embed,0.024
swin_tiny_fp16,Reformatting CopyNode for Input Tensor 0 to node_conv2d,conv_embed,0.0405
swin_tiny_fp16,node_conv2d,conv_embed,0.0197
swin_tiny_fp16,dummy_shape_call__mye260869_0_myl2_0,other,0.0039
swin_tiny_fp16,__myl_TraCasMeaSubMulMeaAddSqrDivMulCasMulAddCasMeaSubMulMea_myl2_1,norm,0.025
swin_tiny_fp16,__myl_AddSqrDivMulCasMulAddRepRepConRepRepConResTraResResTra_myl2_2,attention,0.0139
swin_tiny_fp16,__mye255860+__mye255848+__mye255836_myl2_3,attention,0.0302
swin_tiny_fp16,_gemm_mha_v2_myl2_4,attention,0.0249
swin_tiny_fp16,node_MatMul_58_myl2_5,linear,0.0165
swin_tiny_fp16,__myl_ResTraResTraResSliSliAddResCasMeaSubMulMeaAddSqrDivMulCasMulAdd_myl2_6,attention,0.0125
swin_tiny_fp16,__myl_FcMulCasErfCasAddMulMul_myl2_7,ffn,0.0268
swin_tiny_fp16,__myl_FcAdd_myl2_8,linear,0.0215
swin_tiny_fp16,__myl_ResCasMeaSubMulMea_myl2_9,norm,0.0131
swin_tiny_fp16,__myl_AddSqrDivMulCasMulAddSliSliConSliSliConConConResTraResResTra_myl2_10,attention,0.0139
swin_tiny_fp16,__mye255975+__mye255963+__mye255951_myl2_11,attention,0.0245
swin_tiny_fp16,_gemm_mha_v2_myl2_12,attention,0.0402
swin_tiny_fp16,node_MatMul_218_myl2_13,linear,0.0158
swin_tiny_fp16,__myl_ResTraResTraResSliSliSliSliConSliSliConAddResCasMeaSubMulMeaAddSqrDivMulCasMulAdd_myl2_14,attention,0.012
swin_tiny_fp16,__myl_FcMulCasErfCasAddMulMul_myl2_15,ffn,0.0268
swin_tiny_fp16,__myl_FcAdd_myl2_16,linear,0.0213
swin_tiny_fp16,__myl_ResTraResCasMeaSubMulMeaAddSqrDivMulCasMulAdd_myl2_17,norm,0.0119
swin_tiny_fp16,node_linear_8_myl2_18,conv_embed,0.0442
swin_tiny_fp16,__myl_CasMeaSubMulMea_myl2_19,norm,0.0098
swin_tiny_fp16,__myl_AddSqrDivMulCasMulAddRepRepConRepRepConResTraResResTra_myl2_20,attention,0.0136
swin_tiny_fp16,__mye256090+__mye256078+__mye256066_myl2_21,attention,0.0229
swin_tiny_fp16,_gemm_mha_v2_myl2_22,attention,0.0203
swin_tiny_fp16,node_MatMul_381_myl2_23,linear,0.0145
swin_tiny_fp16,__myl_ResTraResTraResSliSliAddResCasMeaSubMulMeaAddSqrDivMulCasMulAdd_myl2_24,attention,0.0112
swin_tiny_fp16,__myl_FcMulCasErfCasAddMulMul_myl2_25,ffn,0.0298
swin_tiny_fp16,__myl_FcAdd_myl2_26,linear,0.024
swin_tiny_fp16,__myl_ResCasMeaSubMulMea_myl2_27,norm,0.0108
swin_tiny_fp16,__myl_AddSqrDivMulCasMulAddSliSliConSliSliConConConResTraResResTra_myl2_28,attention,0.0135
swin_tiny_fp16,__mye256205+__mye256193+__mye256181_myl2_29,attention,0.0221
swin_tiny_fp16,_gemm_mha_v2_myl2_30,attention,0.0251
swin_tiny_fp16,node_MatMul_536_myl2_31,linear,0.0139
swin_tiny_fp16,__myl_ResTraResTraResSliSliSliSliConSliSliConAddResCasMeaSubMulMeaAddSqrDivMulCasMulAdd_myl2_32,attention,0.0113
swin_tiny_fp16,__myl_FcMulCasErfCasAddMulMul_myl2_33,ffn,0.0295
swin_tiny_fp16,__myl_FcAdd_myl2_34,linear,0.0228
swin_tiny_fp16,__myl_ResTraResCasMeaSubMulMeaAddSqrDivMulCasMulAdd_myl2_35,norm,0.0108
swin_tiny_fp16,node_linear_17_myl2_36,conv_embed,0.0187
swin_tiny_fp16,__myl_CasMeaSubMulMeaAddSqrDivMulCasMulAdd_myl2_37,norm,0.0107
swin_tiny_fp16,__mye256320+__mye256308+__mye256296_myl2_38,attention,0.0286
swin_tiny_fp16,_gemm_mha_v2_myl2_39,attention,0.0118
swin_tiny_fp16,node_MatMul_699_myl2_40,linear,0.0165
swin_tiny_fp16,__myl_AddResCasMeaSubMulMeaAddSqrDivMulCasMulAdd_myl2_41,norm,0.0109
swin_tiny_fp16,node_MatMul_736_myl2_42,linear,0.0286
swin_tiny_fp16,__myl_MulCasErfCasAddMulMul_myl2_43,ffn,0.0102
swin_tiny_fp16,__myl_FcAdd_myl2_44,linear,0.0287
swin_tiny_fp16,__myl_ResCasMeaSubMulMeaAddSqrDivMulCasMulAdd_myl2_45,norm,0.0106
swin_tiny_fp16,__mye256435+__mye256423+__mye256411_myl2_46,attention,0.027
swin_tiny_fp16,_gemm_mha_v2_myl2_47,attention,0.0112
swin_tiny_fp16,node_MatMul_803_myl2_48,linear,0.0152
swin_tiny_fp16,__myl_AddResCasMeaSubMulMeaAddSqrDivMulCasMulAdd_myl2_49,norm,0.0108
swin_tiny_fp16,node_MatMul_840_myl2_50,linear,0.0275
swin_tiny_fp16,__myl_MulCasErfCasAddMulMul_myl2_51,ffn,0.0102
swin_tiny_fp16,__myl_FcAdd_myl2_52,linear,0.029
swin_tiny_fp16,__myl_ResCasMeaSubMulMeaAddSqrDivMulCasMulAdd_myl2_53,norm,0.01
swin_tiny_fp16,__mye256550+__mye256538+__mye256526_myl2_54,attention,0.0267
swin_tiny_fp16,_gemm_mha_v2_myl2_55,attention,0.0113
swin_tiny_fp16,node_MatMul_907_myl2_56,linear,0.0151
swin_tiny_fp16,__myl_AddResCasMeaSubMulMeaAddSqrDivMulCasMulAdd_myl2_57,norm,0.0102
swin_tiny_fp16,node_MatMul_944_myl2_58,linear,0.0281
swin_tiny_fp16,__myl_MulCasErfCasAddMulMul_myl2_59,ffn,0.0096
swin_tiny_fp16,__myl_FcAdd_myl2_60,linear,0.0288
swin_tiny_fp16,__myl_ResCasMeaSubMulMeaAddSqrDivMulCasMulAdd_myl2_61,norm,0.01
swin_tiny_fp16,__mye256665+__mye256653+__mye256641_myl2_62,attention,0.0272
swin_tiny_fp16,_gemm_mha_v2_myl2_63,attention,0.0112
swin_tiny_fp16,node_MatMul_1011_myl2_64,linear,0.0152
swin_tiny_fp16,__myl_AddResCasMeaSubMulMeaAddSqrDivMulCasMulAdd_myl2_65,norm,0.0102
swin_tiny_fp16,node_MatMul_1048_myl2_66,linear,0.0272
swin_tiny_fp16,__myl_MulCasErfCasAddMulMul_myl2_67,ffn,0.0097
swin_tiny_fp16,__myl_FcAdd_myl2_68,linear,0.0283
swin_tiny_fp16,__myl_ResCasMeaSubMulMeaAddSqrDivMulCasMulAdd_myl2_69,norm,0.01
swin_tiny_fp16,__mye256780+__mye256768+__mye256756_myl2_70,attention,0.0264
swin_tiny_fp16,_gemm_mha_v2_myl2_71,attention,0.0113
swin_tiny_fp16,node_MatMul_1115_myl2_72,linear,0.0151
swin_tiny_fp16,__myl_AddResCasMeaSubMulMeaAddSqrDivMulCasMulAdd_myl2_73,norm,0.0102
swin_tiny_fp16,node_MatMul_1152_myl2_74,linear,0.0281
swin_tiny_fp16,__myl_MulCasErfCasAddMulMul_myl2_75,ffn,0.0097
swin_tiny_fp16,__myl_FcAdd_myl2_76,linear,0.029
swin_tiny_fp16,__myl_ResCasMeaSubMulMeaAddSqrDivMulCasMulAdd_myl2_77,norm,0.01
swin_tiny_fp16,__mye256895+__mye256883+__mye256871_myl2_78,attention,0.0272
swin_tiny_fp16,_gemm_mha_v2_myl2_79,attention,0.0112
swin_tiny_fp16,node_MatMul_1219_myl2_80,linear,0.0156
swin_tiny_fp16,__myl_AddResCasMeaSubMulMeaAddSqrDivMulCasMulAdd_myl2_81,norm,0.0108
swin_tiny_fp16,node_MatMul_1256_myl2_82,linear,0.0296
swin_tiny_fp16,__myl_MulCasErfCasAddMulMul_myl2_83,ffn,0.0105
swin_tiny_fp16,__myl_FcAdd_myl2_84,linear,0.0346
swin_tiny_fp16,__myl_ResTraResCasMeaSubMulMeaAddSqrDivMulCasMulAdd_myl2_85,norm,0.0118
swin_tiny_fp16,node_linear_42_myl2_86,conv_embed,0.0469
swin_tiny_fp16,__myl_CasMeaSubMulMeaAddSqrDivMulCasMulAdd_myl2_87,norm,0.0107
swin_tiny_fp16,__mye257010+__mye256998+__mye256986_myl2_88,attention,0.0634
swin_tiny_fp16,_gemm_mha_v2_myl2_89,attention,0.0111
swin_tiny_fp16,node_MatMul_1341_myl2_90,linear,0.0284
swin_tiny_fp16,__myl_AddResCasMeaSubMulMeaAddSqrDivMulCasMulAdd_myl2_91,norm,0.0107
swin_tiny_fp16,__myl_FcMulCasErfCasAddMulMul_myl2_92,ffn,0.0817
swin_tiny_fp16,__myl_FcAdd_myl2_93,linear,0.0712
swin_tiny_fp16,__myl_ResCasMeaSubMulMeaAddSqrDivMulCasMulAdd_myl2_94,norm,0.0105
swin_tiny_fp16,__mye257125+__mye257113+__mye257101_myl2_95,attention,0.0619
swin_tiny_fp16,_gemm_mha_v2_myl2_96,attention,0.0103
swin_tiny_fp16,node_MatMul_1445_myl2_97,linear,0.0273
swin_tiny_fp16,__myl_AddResCasMeaSubMulMeaAddSqrDivMulCasMulAdd_myl2_98,norm,0.0103
swin_tiny_fp16,__myl_FcMulCasErfCasAddMulMul_myl2_99,ffn,0.0836
swin_tiny_fp16,__myl_FcAdd_myl2_100,linear,0.0712
swin_tiny_fp16,__myl_ResCasMeaSubMulMea_myl2_101,norm,0.0092
swin_tiny_fp16,__myl_AddSqrDivMulCasMulAddMea_myl2_102,other,0.0097
swin_tiny_fp16,__myl_Cas_myl2_103,other,0.0064
swin_tiny_kd_cvlface_fp16,node_conv2d,conv_embed,0.0415
swin_tiny_kd_cvlface_fp16,Reformatting CopyNode for Input Tensor 0 to {ForeignNode[patch_embed.norm.weight + ONNXTRT_Broadcast...node_mean]},conv_embed,0.0103
swin_tiny_kd_cvlface_fp16,dummy_shape_call__mye260753_0_myl2_0,other,0.004
swin_tiny_kd_cvlface_fp16,__myl_TraCasMeaSubMulMeaAddSqrDivMulCasMulAddCasMeaSubMulMea_myl2_1,norm,0.0288
swin_tiny_kd_cvlface_fp16,__myl_AddSqrDivMulCasMulAddRepRepConRepRepConResTraResResTra_myl2_2,attention,0.0119
swin_tiny_kd_cvlface_fp16,__mye255857+__mye255845+__mye255833_myl2_3,attention,0.0247
swin_tiny_kd_cvlface_fp16,_gemm_mha_v2_myl2_4,attention,0.0214
swin_tiny_kd_cvlface_fp16,node_MatMul_58_myl2_5,linear,0.014
swin_tiny_kd_cvlface_fp16,__myl_ResTraResTraResSliSliAddResCasMeaSubMulMeaAddSqrDivMulCasMulAdd_myl2_6,attention,0.0107
swin_tiny_kd_cvlface_fp16,__myl_FcMulCasErfCasAddMulMul_myl2_7,ffn,0.0227
swin_tiny_kd_cvlface_fp16,__myl_FcAdd_myl2_8,linear,0.0192
swin_tiny_kd_cvlface_fp16,__myl_ResCasMeaSubMulMea_myl2_9,norm,0.0112
swin_tiny_kd_cvlface_fp16,__myl_AddSqrDivMulCasMulAddSliSliConSliSliConConConResTraResResTra_myl2_10,attention,0.0124
swin_tiny_kd_cvlface_fp16,__mye255972+__mye255960+__mye255948_myl2_11,attention,0.0209
swin_tiny_kd_cvlface_fp16,_gemm_mha_v2_myl2_12,attention,0.0347
swin_tiny_kd_cvlface_fp16,node_MatMul_218_myl2_13,linear,0.0137
swin_tiny_kd_cvlface_fp16,__myl_ResTraResTraResSliSliSliSliConSliSliConAddResCasMeaSubMulMeaAddSqrDivMulCasMulAdd_myl2_14,attention,0.0107
swin_tiny_kd_cvlface_fp16,__myl_FcMulCasErfCasAddMulMul_myl2_15,ffn,0.0225
swin_tiny_kd_cvlface_fp16,__myl_FcAdd_myl2_16,linear,0.0184
swin_tiny_kd_cvlface_fp16,__myl_ResTraResCasMeaSubMulMeaAddSqrDivMulCasMulAdd_myl2_17,norm,0.0104
swin_tiny_kd_cvlface_fp16,node_linear_8_myl2_18,conv_embed,0.0359
swin_tiny_kd_cvlface_fp16,__myl_CasMeaSubMulMea_myl2_19,norm,0.0083
swin_tiny_kd_cvlface_fp16,__myl_AddSqrDivMulCasMulAddRepRepConRepRepConResTraResResTra_myl2_20,attention,0.0118
swin_tiny_kd_cvlface_fp16,__mye256087+__mye256075+__mye256063_myl2_21,attention,0.0196
swin_tiny_kd_cvlface_fp16,_gemm_mha_v2_myl2_22,attention,0.0176
swin_tiny_kd_cvlface_fp16,node_MatMul_381_myl2_23,linear,0.0124
swin_tiny_kd_cvlface_fp16,__myl_ResTraResTraResSliSliAddResCasMeaSubMulMeaAddSqrDivMulCasMulAdd_myl2_24,attention,0.0096
swin_tiny_kd_cvlface_fp16,__myl_FcMulCasErfCasAddMulMul_myl2_25,ffn,0.0254
swin_tiny_kd_cvlface_fp16,__myl_FcAdd_myl2_26,linear,0.0207
swin_tiny_kd_cvlface_fp16,__myl_ResCasMeaSubMulMea_myl2_27,norm,0.0092
swin_tiny_kd_cvlface_fp16,__myl_AddSqrDivMulCasMulAddSliSliConSliSliConConConResTraResResTra_myl2_28,attention,0.0118
swin_tiny_kd_cvlface_fp16,__mye256202+__mye256190+__mye256178_myl2_29,attention,0.0193
swin_tiny_kd_cvlface_fp16,_gemm_mha_v2_myl2_30,attention,0.0218
swin_tiny_kd_cvlface_fp16,node_MatMul_536_myl2_31,linear,0.0119
swin_tiny_kd_cvlface_fp16,__myl_ResTraResTraResSliSliSliSliConSliSliConAddResCasMeaSubMulMeaAddSqrDivMulCasMulAdd_myl2_32,attention,0.0098
swin_tiny_kd_cvlface_fp16,__myl_FcMulCasErfCasAddMulMul_myl2_33,ffn,0.0252
swin_tiny_kd_cvlface_fp16,__myl_FcAdd_myl2_34,linear,0.0198
swin_tiny_kd_cvlface_fp16,__myl_ResTraResCasMeaSubMulMeaAddSqrDivMulCasMulAdd_myl2_35,norm,0.0092
swin_tiny_kd_cvlface_fp16,node_linear_17_myl2_36,conv_embed,0.0158
swin_tiny_kd_cvlface_fp16,__myl_CasMeaSubMulMeaAddSqrDivMulCasMulAdd_myl2_37,norm,0.0091
swin_tiny_kd_cvlface_fp16,__mye256317+__mye256305+__mye256293_myl2_38,attention,0.0243
swin_tiny_kd_cvlface_fp16,_gemm_mha_v2_myl2_39,attention,0.01
swin_tiny_kd_cvlface_fp16,node_MatMul_699_myl2_40,linear,0.0146
swin_tiny_kd_cvlface_fp16,__myl_AddResCasMeaSubMulMeaAddSqrDivMulCasMulAdd_myl2_41,norm,0.0092
swin_tiny_kd_cvlface_fp16,__myl_FcMulCasErfCasAddMulMul_myl2_42,ffn,0.0305
swin_tiny_kd_cvlface_fp16,__myl_FcAdd_myl2_43,linear,0.0249
swin_tiny_kd_cvlface_fp16,__myl_ResCasMeaSubMulMeaAddSqrDivMulCasMulAdd_myl2_44,norm,0.0097
swin_tiny_kd_cvlface_fp16,__mye256432+__mye256420+__mye256408_myl2_45,attention,0.0229
swin_tiny_kd_cvlface_fp16,_gemm_mha_v2_myl2_46,attention,0.0096
swin_tiny_kd_cvlface_fp16,node_MatMul_803_myl2_47,linear,0.0131
swin_tiny_kd_cvlface_fp16,__myl_AddResCasMeaSubMulMeaAddSqrDivMulCasMulAdd_myl2_48,norm,0.0093
swin_tiny_kd_cvlface_fp16,__myl_FcMulCasErfCasAddMulMul_myl2_49,ffn,0.0304
swin_tiny_kd_cvlface_fp16,__myl_FcAdd_myl2_50,linear,0.0248
swin_tiny_kd_cvlface_fp16,__myl_ResCasMeaSubMulMeaAddSqrDivMulCasMulAdd_myl2_51,norm,0.0092
swin_tiny_kd_cvlface_fp16,__mye256547+__mye256535+__mye256523_myl2_52,attention,0.0231
swin_tiny_kd_cvlface_fp16,_gemm_mha_v2_myl2_53,attention,0.0095
swin_tiny_kd_cvlface_fp16,node_MatMul_907_myl2_54,linear,0.0138
swin_tiny_kd_cvlface_fp16,__myl_AddResCasMeaSubMulMeaAddSqrDivMulCasMulAdd_myl2_55,norm,0.009
swin_tiny_kd_cvlface_fp16,__myl_FcMulCasErfCasAddMulMul_myl2_56,ffn,0.03
swin_tiny_kd_cvlface_fp16,__myl_FcAdd_myl2_57,linear,0.0246
swin_tiny_kd_cvlface_fp16,__myl_ResCasMeaSubMulMeaAddSqrDivMulCasMulAdd_myl2_58,norm,0.0088
swin_tiny_kd_cvlface_fp16,__mye256662+__mye256650+__mye256638_myl2_59,attention,0.0229
swin_tiny_kd_cvlface_fp16,_gemm_mha_v2_myl2_60,attention,0.0096
swin_tiny_kd_cvlface_fp16,node_MatMul_1011_myl2_61,linear,0.0131
swin_tiny_kd_cvlface_fp16,__myl_AddResCasMeaSubMulMeaAddSqrDivMulCasMulAdd_myl2_62,norm,0.0091
swin_tiny_kd_cvlface_fp16,__myl_FcMulCasErfCasAddMulMul_myl2_63,ffn,0.0296
swin_tiny_kd_cvlface_fp16,__myl_FcAdd_myl2_64,linear,0.0245
swin_tiny_kd_cvlface_fp16,__myl_ResCasMeaSubMulMeaAddSqrDivMulCasMulAdd_myl2_65,norm,0.0087
swin_tiny_kd_cvlface_fp16,__mye256777+__mye256765+__mye256753_myl2_66,attention,0.0228
swin_tiny_kd_cvlface_fp16,_gemm_mha_v2_myl2_67,attention,0.0095
swin_tiny_kd_cvlface_fp16,node_MatMul_1115_myl2_68,linear,0.0132
swin_tiny_kd_cvlface_fp16,__myl_AddResCasMeaSubMulMeaAddSqrDivMulCasMulAdd_myl2_69,norm,0.009
swin_tiny_kd_cvlface_fp16,__myl_FcMulCasErfCasAddMulMul_myl2_70,ffn,0.0295
swin_tiny_kd_cvlface_fp16,__myl_FcAdd_myl2_71,linear,0.0247
swin_tiny_kd_cvlface_fp16,__myl_ResCasMeaSubMulMeaAddSqrDivMulCasMulAdd_myl2_72,norm,0.0091
swin_tiny_kd_cvlface_fp16,__mye256892+__mye256880+__mye256868_myl2_73,attention,0.0225
swin_tiny_kd_cvlface_fp16,_gemm_mha_v2_myl2_74,attention,0.0094
swin_tiny_kd_cvlface_fp16,node_MatMul_1219_myl2_75,linear,0.0129
swin_tiny_kd_cvlface_fp16,__myl_AddResCasMeaSubMulMeaAddSqrDivMulCasMulAdd_myl2_76,norm,0.009
swin_tiny_kd_cvlface_fp16,__myl_FcMulCasErfCasAddMulMul_myl2_77,ffn,0.0292
swin_tiny_kd_cvlface_fp16,__myl_FcAdd_myl2_78,linear,0.0246
swin_tiny_kd_cvlface_fp16,__myl_ResTraResCasMeaSubMulMeaAddSqrDivMulCasMulAdd_myl2_79,norm,0.0107
swin_tiny_kd_cvlface_fp16,node_linear_42_myl2_80,conv_embed,0.0365
swin_tiny_kd_cvlface_fp16,__myl_CasMeaSubMulMeaAddSqrDivMulCasMulAdd_myl2_81,norm,0.009
swin_tiny_kd_cvlface_fp16,__mye257007+__mye256995+__mye256983_myl2_82,attention,0.0539
swin_tiny_kd_cvlface_fp16,_gemm_mha_v2_myl2_83,attention,0.009
swin_tiny_kd_cvlface_fp16,node_MatMul_1341_myl2_84,linear,0.0224
swin_tiny_kd_cvlface_fp16,__myl_AddResCasMeaSubMulMeaAddSqrDivMulCasMulAdd_myl2_85,norm,0.0091
swin_tiny_kd_cvlface_fp16,__myl_FcMulCasErfCasAddMulMul_myl2_86,ffn,0.0697
swin_tiny_kd_cvlface_fp16,__myl_FcAdd_myl2_87,linear,0.0608
swin_tiny_kd_cvlface_fp16,__myl_ResCasMeaSubMulMeaAddSqrDivMulCasMulAdd_myl2_88,norm,0.0092
swin_tiny_kd_cvlface_fp16,__mye257122+__mye257110+__mye257098_myl2_89,attention,0.0522
swin_tiny_kd_cvlface_fp16,_gemm_mha_v2_myl2_90,attention,0.0086
swin_tiny_kd_cvlface_fp16,node_MatMul_1445_myl2_91,linear,0.0219
swin_tiny_kd_cvlface_fp16,__myl_AddResCasMeaSubMulMeaAddSqrDivMulCasMulAdd_myl2_92,norm,0.0088
swin_tiny_kd_cvlface_fp16,__myl_FcMulCasErfCasAddMulMul_myl2_93,ffn,0.0699
swin_tiny_kd_cvlface_fp16,__myl_FcAdd_myl2_94,linear,0.0603
swin_tiny_kd_cvlface_fp16,__myl_ResCasMeaSubMulMea_myl2_95,norm,0.0079
swin_tiny_kd_cvlface_fp16,__myl_AddSqrDivMulCasMulAddMea_myl2_96,other,0.0084
swin_tiny_kd_cvlface_fp16,__myl_Res_myl2_97,other,0.0056
swin_tiny_kd_cvlface_fp16,Reformatting CopyNode for Output Tensor 0 to {ForeignNode[patch_embed.norm.weight + ONNXTRT_Broadcast...node_mean]},conv_embed,0.0055
swin_tiny_pruned_blocks2_fp16,Reformatting CopyNode for Input Tensor 0 to node_conv2d,conv_embed,0.0363
swin_tiny_pruned_blocks2_fp16,node_conv2d,conv_embed,0.0187
swin_tiny_pruned_blocks2_fp16,dummy_shape_call__mye225497_0_myl2_0,other,0.004
swin_tiny_pruned_blocks2_fp16,__myl_TraCasMeaSubMulMeaAddSqrDivMulCasMulAddCasMeaSubMulMea_myl2_1,norm,0.0227
swin_tiny_pruned_blocks2_fp16,__myl_AddSqrDivMulCasMulAddRepRepConRepRepConResTraResResTra_myl2_2,attention,0.0119
swin_tiny_pruned_blocks2_fp16,__mye221360+__mye221348+__mye221336_myl2_3,attention,0.027
swin_tiny_pruned_blocks2_fp16,_gemm_mha_v2_myl2_4,attention,0.0215
swin_tiny_pruned_blocks2_fp16,node_MatMul_58_myl2_5,linear,0.0141
swin_tiny_pruned_blocks2_fp16,__myl_ResTraResTraResSliSliAddResCasMeaSubMulMeaAddSqrDivMulCasMulAdd_myl2_6,attention,0.0108
swin_tiny_pruned_blocks2_fp16,__myl_FcMulCasErfCasAddMulMul_myl2_7,ffn,0.0231
swin_tiny_pruned_blocks2_fp16,__myl_FcAdd_myl2_8,linear,0.019
swin_tiny_pruned_blocks2_fp16,__myl_ResCasMeaSubMulMea_myl2_9,norm,0.0116
swin_tiny_pruned_blocks2_fp16,__myl_AddSqrDivMulCasMulAddSliSliConSliSliConConConResTraResResTra_myl2_10,attention,0.0127
swin_tiny_pruned_blocks2_fp16,__mye221475+__mye221463+__mye221451_myl2_11,attention,0.0211
swin_tiny_pruned_blocks2_fp16,_gemm_mha_v2_myl2_12,attention,0.0351
swin_tiny_pruned_blocks2_fp16,node_MatMul_218_myl2_13,linear,0.0135
swin_tiny_pruned_blocks2_fp16,__myl_ResTraResTraResSliSliSliSliConSliSliConAddResCasMeaSubMulMeaAddSqrDivMulCasMulAdd_myl2_14,attention,0.011
swin_tiny_pruned_blocks2_fp16,__myl_FcMulCasErfCasAddMulMul_myl2_15,ffn,0.023
swin_tiny_pruned_blocks2_fp16,__myl_FcAdd_myl2_16,linear,0.0186
swin_tiny_pruned_blocks2_fp16,__myl_ResTraResCasMeaSubMulMeaAddSqrDivMulCasMulAdd_myl2_17,norm,0.0104
swin_tiny_pruned_blocks2_fp16,node_linear_8_myl2_18,conv_embed,0.0328
swin_tiny_pruned_blocks2_fp16,__myl_CasMeaSubMulMea_myl2_19,norm,0.0084
swin_tiny_pruned_blocks2_fp16,__myl_AddSqrDivMulCasMulAddRepRepConRepRepConResTraResResTra_myl2_20,attention,0.0116
swin_tiny_pruned_blocks2_fp16,__mye221590+__mye221578+__mye221566_myl2_21,attention,0.0199
swin_tiny_pruned_blocks2_fp16,_gemm_mha_v2_myl2_22,attention,0.0175
swin_tiny_pruned_blocks2_fp16,node_MatMul_381_myl2_23,linear,0.0127
swin_tiny_pruned_blocks2_fp16,__myl_ResTraResTraResSliSliAddResCasMeaSubMulMeaAddSqrDivMulCasMulAdd_myl2_24,attention,0.0098
swin_tiny_pruned_blocks2_fp16,__myl_FcMulCasErfCasAddMulMul_myl2_25,ffn,0.026
swin_tiny_pruned_blocks2_fp16,__myl_FcAdd_myl2_26,linear,0.0206
swin_tiny_pruned_blocks2_fp16,__myl_ResCasMeaSubMulMea_myl2_27,norm,0.0093
swin_tiny_pruned_blocks2_fp16,__myl_AddSqrDivMulCasMulAddSliSliConSliSliConConConResTraResResTra_myl2_28,attention,0.0121
swin_tiny_pruned_blocks2_fp16,__mye221705+__mye221693+__mye221681_myl2_29,attention,0.0195
swin_tiny_pruned_blocks2_fp16,_gemm_mha_v2_myl2_30,attention,0.0221
swin_tiny_pruned_blocks2_fp16,node_MatMul_536_myl2_31,linear,0.0121
swin_tiny_pruned_blocks2_fp16,__myl_ResTraResTraResSliSliSliSliConSliSliConAddResCasMeaSubMulMeaAddSqrDivMulCasMulAdd_myl2_32,attention,0.0099
swin_tiny_pruned_blocks2_fp16,__myl_FcMulCasErfCasAddMulMul_myl2_33,ffn,0.0262
swin_tiny_pruned_blocks2_fp16,__myl_FcAdd_myl2_34,linear,0.0203
swin_tiny_pruned_blocks2_fp16,__myl_ResTraResCasMeaSubMulMeaAddSqrDivMulCasMulAdd_myl2_35,norm,0.0094
swin_tiny_pruned_blocks2_fp16,node_linear_17_myl2_36,conv_embed,0.0161
swin_tiny_pruned_blocks2_fp16,__myl_CasMeaSubMulMeaAddSqrDivMulCasMulAdd_myl2_37,norm,0.0093
swin_tiny_pruned_blocks2_fp16,__mye221820+__mye221808+__mye221796_myl2_38,attention,0.0242
swin_tiny_pruned_blocks2_fp16,_gemm_mha_v2_myl2_39,attention,0.0104
swin_tiny_pruned_blocks2_fp16,node_MatMul_699_myl2_40,linear,0.0145
swin_tiny_pruned_blocks2_fp16,__myl_AddResCasMeaSubMulMeaAddSqrDivMulCasMulAdd_myl2_41,norm,0.0094
swin_tiny_pruned_blocks2_fp16,__myl_FcMulCasErfCasAddMulMul_myl2_42,ffn,0.0304
swin_tiny_pruned_blocks2_fp16,__myl_FcAdd_myl2_43,linear,0.025
swin_tiny_pruned_blocks2_fp16,__myl_ResCasMeaSubMulMeaAddSqrDivMulCasMulAdd_myl2_44,norm,0.0097
swin_tiny_pruned_blocks2_fp16,__mye221935+__mye221923+__mye221911_myl2_45,attention,0.0231
swin_tiny_pruned_blocks2_fp16,_gemm_mha_v2_myl2_46,attention,0.0099
swin_tiny_pruned_blocks2_fp16,node_MatMul_803_myl2_47,linear,0.0135
swin_tiny_pruned_blocks2_fp16,__myl_AddResCasMeaSubMulMeaAddSqrDivMulCasMulAdd_myl2_48,norm,0.0094
swin_tiny_pruned_blocks2_fp16,__myl_FcMulCasErfCasAddMulMul_myl2_49,ffn,0.0305
swin_tiny_pruned_blocks2_fp16,__myl_FcAdd_myl2_50,linear,0.024
swin_tiny_pruned_blocks2_fp16,__myl_ResCasMeaSubMulMeaAddSqrDivMulCasMulAdd_myl2_51,norm,0.0095
swin_tiny_pruned_blocks2_fp16,__mye222050+__mye222038+__mye222026_myl2_52,attention,0.023
swin_tiny_pruned_blocks2_fp16,_gemm_mha_v2_myl2_53,attention,0.0099
swin_tiny_pruned_blocks2_fp16,node_MatMul_907_myl2_54,linear,0.0133
swin_tiny_pruned_blocks2_fp16,__myl_AddResCasMeaSubMulMeaAddSqrDivMulCasMulAdd_myl2_55,norm,0.009
swin_tiny_pruned_blocks2_fp16,__myl_FcMulCasErfCasAddMulMul_myl2_56,ffn,0.0301
swin_tiny_pruned_blocks2_fp16,__myl_FcAdd_myl2_57,linear,0.0245
swin_tiny_pruned_blocks2_fp16,__myl_ResCasMeaSubMulMeaAddSqrDivMulCasMulAdd_myl2_58,norm,0.0094
swin_tiny_pruned_blocks2_fp16,__mye222165+__mye222153+__mye222141_myl2_59,attention,0.023
swin_tiny_pruned_blocks2_fp16,_gemm_mha_v2_myl2_60,attention,0.0098
swin_tiny_pruned_blocks2_fp16,node_MatMul_1011_myl2_61,linear,0.0134
swin_tiny_pruned_blocks2_fp16,__myl_AddResCasMeaSubMulMeaAddSqrDivMulCasMulAdd_myl2_62,norm,0.0089
swin_tiny_pruned_blocks2_fp16,__myl_FcMulCasErfCasAddMulMul_myl2_63,ffn,0.0302
swin_tiny_pruned_blocks2_fp16,__myl_FcAdd_myl2_64,linear,0.0242
swin_tiny_pruned_blocks2_fp16,__myl_ResTraResCasMeaSubMulMeaAddSqrDivMulCasMulAdd_myl2_65,norm,0.0107
swin_tiny_pruned_blocks2_fp16,node_linear_34_myl2_66,conv_embed,0.038
swin_tiny_pruned_blocks2_fp16,__myl_CasMeaSubMulMeaAddSqrDivMulCasMulAdd_myl2_67,norm,0.0094
swin_tiny_pruned_blocks2_fp16,__mye222280+__mye222268+__mye222256_myl2_68,attention,0.0523
swin_tiny_pruned_blocks2_fp16,_gemm_mha_v2_myl2_69,attention,0.0093
swin_tiny_pruned_blocks2_fp16,node_MatMul_1133_myl2_70,linear,0.0236
swin_tiny_pruned_blocks2_fp16,__myl_AddResCasMeaSubMulMeaAddSqrDivMulCasMulAdd_myl2_71,norm,0.0095
swin_tiny_pruned_blocks2_fp16,__myl_FcMulCasErfCasAddMulMul_myl2_72,ffn,0.0701
swin_tiny_pruned_blocks2_fp16,__myl_FcAdd_myl2_73,linear,0.0614
swin_tiny_pruned_blocks2_fp16,__myl_ResCasMeaSubMulMeaAddSqrDivMulCasMulAdd_myl2_74,norm,0.0091
swin_tiny_pruned_blocks2_fp16,__mye222395+__mye222383+__mye222371_myl2_75,attention,0.0511
swin_tiny_pruned_blocks2_fp16,_gemm_mha_v2_myl2_76,attention,0.0086
swin_tiny_pruned_blocks2_fp16,node_MatMul_1237_myl2_77,linear,0.0239
swin_tiny_pruned_blocks2_fp16,__myl_AddResCasMeaSubMulMeaAddSqrDivMulCasMulAdd_myl2_78,norm,0.0088
swin_tiny_pruned_blocks2_fp16,__myl_FcMulCasErfCasAddMulMul_myl2_79,ffn,0.0702
swin_tiny_pruned_blocks2_fp16,__myl_FcAdd_myl2_80,linear,0.0609
swin_tiny_pruned_blocks2_fp16,__myl_ResCasMeaSubMulMea_myl2_81,norm,0.008
swin_tiny_pruned_blocks2_fp16,__myl_AddSqrDivMulCasMulAddMea_myl2_82,other,0.0085
swin_tiny_pruned_blocks2_fp16,__myl_Cas_myl2_83,other,0.0056
